CrimeDate,TotalCrime,Year,Month,Day,ViolentCount,TheftCount,Larceny,AutoTheft,Assault,Burglary,Robbery,Arson,Homicide,Rape,Shooting
01/01/2015,160,2015,1,1,52,108,56,15,47,24,13,1,0,2,2
01/02/2015,108,2015,1,2,11,97,44,9,10,22,22,0,0,1,0
01/03/2015,74,2015,1,3,25,49,20,10,19,10,9,2,3,0,1
01/04/2015,96,2015,1,4,23,73,42,11,21,5,15,0,2,0,0
01/05/2015,122,2015,1,5,24,98,56,10,22,22,10,0,1,1,0
01/06/2015,87,2015,1,6,20,67,39,14,18,5,9,1,0,0,1
01/07/2015,108,2015,1,7,27,81,43,11,24,19,8,1,0,0,2
01/08/2015,84,2015,1,8,19,65,33,8,16,13,11,2,0,0,1
01/09/2015,104,2015,1,9,30,74,41,6,23,19,8,1,2,2,2
01/10/2015,84,2015,1,10,24,60,30,15,23,10,5,0,1,0,0
01/11/2015,92,2015,1,11,30,62,33,6,29,14,9,0,0,1,0
01/12/2015,126,2015,1,12,45,81,36,13,42,21,11,0,1,1,1
01/13/2015,135,2015,1,13,27,108,63,15,25,17,13,0,0,1,1
01/14/2015,127,2015,1,14,27,100,54,13,24,25,8,1,0,1,1
01/15/2015,142,2015,1,15,24,118,66,15,23,24,13,1,0,0,0
01/16/2015,130,2015,1,16,29,101,56,5,27,33,7,0,0,0,2
01/17/2015,128,2015,1,17,39,89,59,9,32,13,8,1,1,1,4
01/18/2015,111,2015,1,18,22,89,42,10,19,21,16,0,2,1,0
01/19/2015,141,2015,1,19,30,111,53,15,27,23,20,1,0,0,2
01/20/2015,121,2015,1,20,20,101,50,8,17,30,13,1,0,1,1
01/21/2015,123,2015,1,21,29,94,45,13,29,22,14,0,0,0,0
01/22/2015,115,2015,1,22,29,86,57,6,28,16,7,0,0,0,1
01/23/2015,140,2015,1,23,31,109,52,16,28,25,16,1,0,0,2
01/24/2015,123,2015,1,24,33,90,46,13,30,19,12,2,1,0,0
01/25/2015,88,2015,1,25,26,62,28,11,25,16,7,0,1,0,0
01/26/2015,113,2015,1,26,33,80,43,7,30,19,11,0,1,0,2
01/27/2015,132,2015,1,27,31,101,56,12,28,22,11,0,0,1,2
01/28/2015,121,2015,1,28,25,96,46,12,23,21,17,0,1,0,1
01/29/2015,116,2015,1,29,39,77,44,6,31,15,12,2,3,1,2
01/30/2015,123,2015,1,30,33,90,44,9,31,24,13,0,1,0,1
01/31/2015,100,2015,1,31,29,71,41,15,27,12,3,0,1,0,1
02/01/2015,106,2015,2,1,44,62,32,5,40,22,3,1,2,0,1
02/02/2015,124,2015,2,2,39,85,47,12,35,20,6,1,0,2,1
02/03/2015,105,2015,2,3,23,82,41,9,22,19,13,0,1,0,0
02/04/2015,97,2015,2,4,30,67,40,6,27,12,9,1,0,2,0
02/05/2015,107,2015,2,5,30,77,42,8,28,20,7,2,0,0,0
02/06/2015,105,2015,2,6,30,75,39,11,28,18,7,2,0,0,0
02/07/2015,97,2015,2,7,37,60,32,10,36,9,9,1,0,0,0
02/08/2015,63,2015,2,8,30,33,16,6,29,6,5,1,0,0,0
02/09/2015,110,2015,2,9,32,78,42,11,30,17,8,0,0,1,1
02/10/2015,101,2015,2,10,17,84,44,6,17,18,16,0,0,0,0
02/11/2015,103,2015,2,11,32,71,42,5,31,19,5,0,1,0,0
02/12/2015,97,2015,2,12,35,62,35,11,29,10,6,0,2,0,4
02/13/2015,124,2015,2,13,26,98,49,17,26,16,16,0,0,0,0
02/14/2015,82,2015,2,14,26,56,32,7,24,11,6,0,1,1,0
02/15/2015,75,2015,2,15,22,53,27,3,22,14,9,0,0,0,0
02/16/2015,66,2015,2,16,12,54,26,11,11,12,5,0,0,0,1
02/17/2015,73,2015,2,17,24,49,26,11,23,6,6,0,0,1,0
02/18/2015,90,2015,2,18,22,68,35,5,21,17,11,0,0,1,0
02/19/2015,76,2015,2,19,19,57,29,13,18,13,2,0,0,0,1
02/20/2015,93,2015,2,20,27,66,30,19,26,15,2,0,0,0,1
02/21/2015,65,2015,2,21,21,44,18,10,20,10,6,0,1,0,0
02/22/2015,76,2015,2,22,27,49,26,9,25,11,3,1,1,0,0
02/23/2015,79,2015,2,23,27,52,28,5,25,12,7,0,0,2,0
02/24/2015,82,2015,2,24,27,55,35,9,24,6,5,0,2,1,0
02/25/2015,116,2015,2,25,29,87,49,10,25,21,7,1,1,1,1
02/26/2015,92,2015,2,26,26,66,40,6,25,11,9,0,0,0,1
02/27/2015,101,2015,2,27,27,74,42,9,27,15,8,0,0,0,0
02/28/2015,103,2015,2,28,35,68,37,9,31,11,11,0,1,0,3
03/01/2015,77,2015,3,1,23,54,39,5,22,8,2,0,0,0,1
03/02/2015,78,2015,3,2,29,49,25,10,26,8,6,0,2,1,0
03/03/2015,101,2015,3,3,25,76,43,5,23,19,9,0,1,0,1
03/04/2015,101,2015,3,4,32,69,35,13,28,14,7,0,0,4,0
03/05/2015,54,2015,3,5,17,37,16,4,17,10,7,0,0,0,0
03/06/2015,92,2015,3,6,24,68,37,5,20,10,16,1,0,1,2
03/07/2015,83,2015,3,7,27,56,27,8,23,12,9,2,0,0,2
03/08/2015,104,2015,3,8,30,74,38,12,27,13,11,0,0,2,1
03/09/2015,94,2015,3,9,26,68,37,7,24,18,6,1,0,0,1
03/10/2015,115,2015,3,10,30,85,51,6,27,18,10,0,1,2,0
03/11/2015,123,2015,3,11,38,85,44,13,34,17,11,0,0,2,2
03/12/2015,137,2015,3,12,31,106,60,11,27,22,13,0,2,1,1
03/13/2015,128,2015,3,13,36,92,52,5,34,23,12,0,0,0,2
03/14/2015,115,2015,3,14,38,77,44,11,34,15,7,1,0,3,0
03/15/2015,99,2015,3,15,20,79,46,6,18,12,15,0,0,0,2
03/16/2015,121,2015,3,16,30,91,51,8,27,22,10,2,0,0,1
03/17/2015,144,2015,3,17,42,102,55,7,37,24,16,0,1,2,2
03/18/2015,112,2015,3,18,35,77,44,6,33,18,9,0,0,2,0
03/19/2015,111,2015,3,19,29,82,60,5,28,8,9,1,0,0,0
03/20/2015,121,2015,3,20,37,84,42,13,35,25,4,0,0,0,2
03/21/2015,116,2015,3,21,31,85,49,11,28,17,8,2,0,0,1
03/22/2015,100,2015,3,22,39,61,29,9,39,10,13,0,0,0,0
03/23/2015,123,2015,3,23,37,86,42,9,33,30,5,0,2,1,1
03/24/2015,109,2015,3,24,37,72,42,10,30,16,4,1,1,4,1
03/25/2015,118,2015,3,25,27,91,51,10,27,20,10,0,0,0,0
03/26/2015,114,2015,3,26,35,79,47,8,34,13,11,0,1,0,0
03/27/2015,143,2015,3,27,39,104,66,8,35,22,8,1,1,1,1
03/28/2015,119,2015,3,28,38,81,48,6,33,22,5,1,1,1,2
03/29/2015,95,2015,3,29,33,62,38,8,33,10,6,0,0,0,0
03/30/2015,115,2015,3,30,38,77,47,8,32,12,10,3,2,0,1
03/31/2015,106,2015,3,31,36,70,40,5,33,22,3,3,0,0,0
04/01/2015,118,2015,4,1,34,84,45,13,31,19,7,0,0,3,0
04/02/2015,132,2015,4,2,47,85,51,11,40,17,6,0,0,0,7
04/03/2015,128,2015,4,3,38,90,58,9,35,17,6,0,0,1,2
04/04/2015,109,2015,4,4,36,73,36,11,33,17,9,0,3,0,0
04/05/2015,89,2015,4,5,34,55,30,7,31,10,8,2,0,0,1
04/06/2015,122,2015,4,6,30,92,53,7,27,23,9,2,0,1,0
04/07/2015,101,2015,4,7,25,76,46,7,19,15,8,2,1,1,2
04/08/2015,101,2015,4,8,28,73,41,12,25,11,9,0,1,1,1
04/09/2015,105,2015,4,9,18,87,54,14,18,11,8,0,0,0,0
04/10/2015,93,2015,4,10,26,67,43,5,24,10,9,0,1,1,0
04/11/2015,113,2015,4,11,31,82,41,13,28,20,8,1,0,2,0
04/12/2015,100,2015,4,12,36,64,35,5,33,16,8,0,0,3,0
04/13/2015,105,2015,4,13,26,79,48,6,22,20,5,1,1,1,1
04/14/2015,109,2015,4,14,25,84,47,8,24,21,8,0,0,1,0
04/15/2015,133,2015,4,15,38,95,50,9,36,23,13,1,0,0,1
04/16/2015,139,2015,4,16,32,107,58,9,30,30,10,0,0,2,0
04/17/2015,123,2015,4,17,32,91,53,10,25,18,10,0,3,2,2
04/18/2015,128,2015,4,18,55,73,42,8,50,11,12,0,0,3,2
04/19/2015,118,2015,4,19,38,80,47,11,38,15,7,0,0,0,0
04/20/2015,124,2015,4,20,34,90,45,9,32,22,14,1,0,0,1
04/21/2015,127,2015,4,21,41,86,46,10,37,22,8,0,2,0,2
04/22/2015,108,2015,4,22,34,74,40,8,30,13,13,1,0,2,1
04/23/2015,135,2015,4,23,35,100,53,14,32,25,8,0,1,2,0
04/24/2015,134,2015,4,24,40,94,54,8,36,25,7,0,1,2,1
04/25/2015,168,2015,4,25,67,101,45,14,65,30,12,0,1,0,1
04/26/2015,97,2015,4,26,27,70,28,8,18,21,13,3,2,2,2
04/27/2015,421,2015,4,27,112,309,40,29,101,210,30,10,0,1,0
04/28/2015,184,2015,4,28,43,141,25,5,20,98,13,14,1,3,5
04/29/2015,104,2015,4,29,40,64,26,6,31,21,11,4,3,0,2
04/30/2015,118,2015,4,30,37,81,32,10,29,26,13,1,2,2,3
05/01/2015,127,2015,5,1,25,102,55,9,21,27,11,1,1,0,2
05/02/2015,92,2015,5,2,30,62,31,9,27,10,12,1,1,0,1
05/03/2015,96,2015,5,3,47,49,22,8,42,11,8,2,1,1,1
05/04/2015,121,2015,5,4,31,90,45,10,24,17,18,0,2,1,4
05/05/2015,158,2015,5,5,52,106,49,16,48,28,13,0,0,0,4
05/06/2015,135,2015,5,6,29,106,52,12,27,25,17,1,1,0,0
05/07/2015,145,2015,5,7,54,91,49,11,44,20,11,1,2,1,6
05/08/2015,125,2015,5,8,48,77,36,10,43,19,12,3,0,2,0
05/09/2015,124,2015,5,9,46,78,39,13,40,20,6,1,0,3,2
05/10/2015,149,2015,5,10,68,81,44,8,55,14,15,3,4,1,5
05/11/2015,153,2015,5,11,52,101,53,14,46,23,11,0,1,0,5
05/12/2015,147,2015,5,12,46,101,45,9,43,29,18,1,0,0,2
05/13/2015,122,2015,5,13,31,91,44,22,29,18,7,0,0,0,2
05/14/2015,131,2015,5,14,39,92,48,12,32,29,3,1,4,2,0
05/15/2015,172,2015,5,15,57,115,61,11,49,32,11,0,2,3,3
05/16/2015,137,2015,5,16,40,97,47,13,32,25,12,0,0,0,8
05/17/2015,105,2015,5,17,30,75,39,12,26,16,8,1,2,1,0
05/18/2015,132,2015,5,18,41,91,36,16,37,22,17,0,0,1,3
05/19/2015,155,2015,5,19,48,107,48,11,41,28,20,0,0,1,6
05/20/2015,173,2015,5,20,57,116,51,10,41,25,30,3,3,1,9
05/21/2015,147,2015,5,21,36,111,49,12,33,23,27,1,1,0,1
05/22/2015,163,2015,5,22,46,117,43,13,40,27,34,2,2,0,2
05/23/2015,137,2015,5,23,57,80,48,8,45,16,8,2,3,2,5
05/24/2015,124,2015,5,24,41,83,41,13,32,16,13,2,1,0,6
05/25/2015,143,2015,5,25,55,88,52,9,45,21,6,0,2,1,7
05/26/2015,178,2015,5,26,51,127,64,19,45,27,17,0,1,2,3
05/27/2015,164,2015,5,27,33,131,66,20,31,25,20,0,0,0,2
05/28/2015,173,2015,5,28,37,136,67,17,33,28,24,0,2,1,1
05/29/2015,178,2015,5,29,44,134,60,15,39,30,29,0,2,1,2
05/30/2015,158,2015,5,30,39,119,59,25,32,14,21,1,0,1,5
05/31/2015,134,2015,5,31,50,84,49,13,41,12,10,3,3,0,3
06/01/2015,148,2015,6,1,43,105,59,10,38,23,13,1,1,2,1
06/02/2015,174,2015,6,2,54,120,64,13,44,23,20,2,5,0,3
06/03/2015,124,2015,6,3,30,94,49,8,29,24,13,0,0,1,0
06/04/2015,133,2015,6,4,28,105,57,20,25,18,10,0,0,3,0
06/05/2015,124,2015,6,5,30,94,52,17,29,16,9,1,0,0,0
06/06/2015,180,2015,6,6,54,126,70,15,47,24,17,1,1,1,4
06/07/2015,168,2015,6,7,57,111,56,17,46,27,11,3,3,2,3
06/08/2015,164,2015,6,8,45,119,69,14,38,23,13,0,3,1,3
06/09/2015,163,2015,6,9,32,131,66,13,28,28,24,1,0,0,3
06/10/2015,137,2015,6,10,37,100,52,14,34,22,12,0,0,0,3
06/11/2015,174,2015,6,11,30,144,72,20,29,40,12,0,1,0,0
06/12/2015,169,2015,6,12,42,127,60,16,34,25,26,1,4,0,3
06/13/2015,151,2015,6,13,48,103,54,23,44,17,9,3,0,1,0
06/14/2015,135,2015,6,14,51,84,34,16,45,19,15,0,1,1,4
06/15/2015,152,2015,6,15,36,116,51,27,33,20,18,0,1,1,1
06/16/2015,132,2015,6,16,38,94,52,13,35,15,14,1,1,0,1
06/17/2015,163,2015,6,17,43,120,61,17,36,25,17,0,0,1,6
06/18/2015,125,2015,6,18,24,101,56,15,20,15,15,0,0,2,2
06/19/2015,158,2015,6,19,39,119,65,18,33,27,9,0,0,3,3
06/20/2015,139,2015,6,20,48,91,46,18,47,10,17,0,0,0,1
06/21/2015,151,2015,6,21,49,102,46,22,45,20,14,0,1,1,2
06/22/2015,177,2015,6,22,54,123,71,20,48,21,11,0,1,2,3
06/23/2015,151,2015,6,23,39,112,59,12,36,22,19,0,1,1,1
06/24/2015,136,2015,6,24,28,108,60,17,25,20,11,2,0,0,1
06/25/2015,151,2015,6,25,34,117,61,19,30,16,21,2,1,1,0
06/26/2015,145,2015,6,26,53,92,45,14,50,21,12,1,0,1,1
06/27/2015,129,2015,6,27,36,93,45,17,32,13,18,2,1,1,0
06/28/2015,155,2015,6,28,49,106,50,24,40,17,15,0,2,2,5
06/29/2015,179,2015,6,29,58,121,58,11,49,25,27,1,1,1,6
06/30/2015,124,2015,6,30,41,83,39,10,34,20,14,1,0,1,5
07/01/2015,141,2015,7,1,36,105,52,15,28,18,20,0,0,2,6
07/02/2015,168,2015,7,2,57,111,52,18,49,26,15,1,2,0,5
07/03/2015,150,2015,7,3,36,114,57,17,32,19,21,1,1,0,2
07/04/2015,142,2015,7,4,50,92,45,19,40,16,12,4,0,4,2
07/05/2015,139,2015,7,5,50,89,37,15,44,22,15,2,1,2,1
07/06/2015,136,2015,7,6,33,103,50,13,28,21,19,2,2,0,1
07/07/2015,169,2015,7,7,45,124,66,15,37,23,20,1,5,0,2
07/08/2015,152,2015,7,8,36,116,55,18,33,25,18,0,1,1,1
07/09/2015,155,2015,7,9,43,112,39,23,40,28,22,0,0,0,3
07/10/2015,145,2015,7,10,38,107,61,15,32,17,14,1,2,1,2
07/11/2015,147,2015,7,11,47,100,49,16,40,19,16,0,3,0,4
07/12/2015,160,2015,7,12,62,98,48,17,50,12,21,0,4,1,7
07/13/2015,166,2015,7,13,43,123,55,13,38,31,24,1,2,0,2
07/14/2015,164,2015,7,14,37,127,70,14,33,25,18,2,0,0,2
07/15/2015,154,2015,7,15,42,112,59,19,32,19,15,0,3,0,7
07/16/2015,144,2015,7,16,26,118,63,11,23,26,18,2,0,0,1
07/17/2015,131,2015,7,17,42,89,42,21,39,14,12,1,0,1,1
07/18/2015,148,2015,7,18,49,99,45,19,47,19,16,0,0,0,2
07/19/2015,148,2015,7,19,40,108,53,26,37,12,17,0,1,1,1
07/20/2015,165,2015,7,20,46,119,61,21,40,27,10,2,0,1,3
07/21/2015,140,2015,7,21,36,104,48,16,29,25,15,2,3,0,2
07/22/2015,144,2015,7,22,40,104,50,15,33,23,16,0,1,0,6
07/23/2015,154,2015,7,23,44,110,63,11,39,22,14,1,2,1,1
07/24/2015,154,2015,7,24,46,108,44,16,42,33,15,1,1,0,2
07/25/2015,164,2015,7,25,48,116,61,17,42,20,18,1,1,1,3
07/26/2015,178,2015,7,26,52,126,62,16,46,30,18,0,2,0,4
07/27/2015,168,2015,7,27,42,126,49,22,37,36,19,1,1,0,3
07/28/2015,154,2015,7,28,38,116,60,17,35,27,12,1,2,0,0
07/29/2015,134,2015,7,29,37,97,39,12,31,26,20,1,2,0,3
07/30/2015,133,2015,7,30,32,101,48,19,27,18,16,3,1,0,1
07/31/2015,143,2015,7,31,35,108,63,15,30,19,11,1,2,1,1
08/01/2015,162,2015,8,1,50,112,55,19,46,23,15,0,1,2,1
08/02/2015,164,2015,8,2,53,111,53,23,42,24,11,1,2,0,8
08/03/2015,145,2015,8,3,36,109,50,16,33,28,15,1,0,0,2
08/04/2015,143,2015,8,4,22,121,67,19,22,24,11,0,0,0,0
08/05/2015,130,2015,8,5,26,104,58,16,25,22,8,0,0,0,1
08/06/2015,141,2015,8,6,36,105,50,20,33,27,8,0,3,0,0
08/07/2015,158,2015,8,7,43,115,70,14,35,16,15,0,1,0,7
08/08/2015,160,2015,8,8,49,111,63,16,45,18,14,0,0,2,2
08/09/2015,150,2015,8,9,51,99,48,16,43,20,15,0,3,3,2
08/10/2015,155,2015,8,10,43,112,51,15,30,28,18,1,2,3,7
08/11/2015,125,2015,8,11,32,93,51,10,31,19,13,0,0,1,0
08/12/2015,119,2015,8,12,28,91,41,16,25,16,18,1,1,0,1
08/13/2015,141,2015,8,13,53,88,60,8,45,9,11,1,3,3,1
08/14/2015,152,2015,8,14,43,109,62,18,38,20,9,0,1,0,4
08/15/2015,144,2015,8,15,35,109,54,19,32,24,12,1,0,2,0
08/16/2015,123,2015,8,16,40,83,41,14,36,13,15,0,1,2,1
08/17/2015,143,2015,8,17,32,111,60,15,26,26,10,0,1,1,4
08/18/2015,149,2015,8,18,33,116,59,19,28,25,13,2,2,0,1
08/19/2015,145,2015,8,19,40,105,59,13,31,17,16,1,2,1,5
08/20/2015,142,2015,8,20,41,101,50,17,36,24,10,0,2,1,2
08/21/2015,151,2015,8,21,30,121,70,18,30,21,12,0,0,0,0
08/22/2015,166,2015,8,22,50,116,50,17,46,33,16,3,1,0,0
08/23/2015,157,2015,8,23,37,120,56,23,33,20,21,2,0,1,1
08/24/2015,153,2015,8,24,32,121,52,17,32,27,25,0,0,0,0
08/25/2015,163,2015,8,25,28,135,65,16,25,26,28,1,0,1,1
08/26/2015,152,2015,8,26,34,118,62,12,26,31,13,1,2,0,5
08/27/2015,154,2015,8,27,40,114,63,12,34,28,11,0,2,0,4
08/28/2015,136,2015,8,28,26,110,60,15,21,25,10,1,1,0,3
08/29/2015,140,2015,8,29,38,102,47,19,34,27,9,2,1,0,1
08/30/2015,136,2015,8,30,36,100,50,13,33,17,20,0,1,0,2
08/31/2015,158,2015,8,31,35,123,68,19,26,20,16,1,1,3,4
09/01/2015,154,2015,9,1,38,116,65,12,32,27,12,1,2,0,3
09/02/2015,131,2015,9,2,34,97,57,11,28,19,10,3,0,0,3
09/03/2015,121,2015,9,3,37,84,49,10,31,15,10,0,2,0,4
09/04/2015,139,2015,9,4,42,97,50,14,40,23,10,0,1,0,1
09/05/2015,147,2015,9,5,40,107,61,16,36,16,14,1,0,1,2
09/06/2015,138,2015,9,6,36,102,37,25,32,29,11,0,0,1,3
09/07/2015,164,2015,9,7,58,106,54,16,53,23,13,2,1,1,1
09/08/2015,133,2015,9,8,36,97,38,19,36,28,12,0,0,0,0
09/09/2015,140,2015,9,9,36,104,47,13,35,30,14,1,0,0,0
09/10/2015,149,2015,9,10,35,114,64,15,33,21,14,0,0,1,1
09/11/2015,162,2015,9,11,54,108,65,12,46,20,11,0,3,1,4
09/12/2015,136,2015,9,12,42,94,47,14,34,24,9,0,1,2,5
09/13/2015,147,2015,9,13,45,102,48,17,41,18,19,1,1,1,1
09/14/2015,137,2015,9,14,27,110,62,13,26,25,10,0,1,0,0
09/15/2015,153,2015,9,15,39,114,55,13,33,30,16,0,2,2,2
09/16/2015,144,2015,9,16,50,94,58,9,44,14,13,0,1,1,4
09/17/2015,162,2015,9,17,42,120,64,16,37,26,14,2,0,1,2
09/18/2015,151,2015,9,18,40,111,52,23,33,24,12,4,1,0,2
09/19/2015,130,2015,9,19,33,97,50,11,30,18,18,1,2,0,0
09/20/2015,160,2015,9,20,51,109,50,10,44,30,19,2,0,3,2
09/21/2015,145,2015,9,21,40,105,60,12,34,22,11,0,2,1,3
09/22/2015,164,2015,9,22,46,118,64,12,40,22,20,1,1,0,4
09/23/2015,159,2015,9,23,33,126,70,16,29,23,17,0,1,1,2
09/24/2015,131,2015,9,24,37,94,50,9,30,25,10,4,1,1,1
09/25/2015,143,2015,9,25,35,108,59,10,34,25,14,0,0,1,0
09/26/2015,132,2015,9,26,30,102,46,8,25,31,17,2,0,3,0
09/27/2015,138,2015,9,27,43,95,42,15,38,25,13,2,0,0,3
09/28/2015,146,2015,9,28,34,112,61,15,30,26,10,0,1,1,2
09/29/2015,134,2015,9,29,34,100,60,7,32,27,6,0,1,1,0
09/30/2015,142,2015,9,30,29,113,62,12,25,23,16,0,2,1,1
10/01/2015,135,2015,10,1,27,108,43,18,23,32,15,2,0,1,1
10/02/2015,138,2015,10,2,37,101,51,10,29,27,13,0,3,0,5
10/03/2015,96,2015,10,3,31,65,32,12,28,12,9,0,2,1,0
10/04/2015,107,2015,10,4,21,86,37,16,15,20,13,2,2,0,2
10/05/2015,157,2015,10,5,35,122,57,14,34,29,22,0,1,0,0
10/06/2015,139,2015,10,6,49,90,42,11,43,24,13,0,0,1,5
10/07/2015,142,2015,10,7,39,103,57,11,34,21,14,2,2,1,0
10/08/2015,123,2015,10,8,40,83,45,15,36,15,8,2,1,0,1
10/09/2015,155,2015,10,9,40,115,57,11,40,32,15,0,0,0,0
10/10/2015,137,2015,10,10,43,94,44,15,38,22,13,0,0,4,1
10/11/2015,129,2015,10,11,32,97,53,17,26,15,12,1,1,2,2
10/12/2015,119,2015,10,12,36,83,50,8,32,17,8,0,2,0,2
10/13/2015,139,2015,10,13,41,98,45,10,38,30,13,2,1,0,0
10/14/2015,142,2015,10,14,40,102,50,15,37,25,12,1,0,1,1
10/15/2015,134,2015,10,15,41,93,61,10,37,16,6,1,2,0,1
10/16/2015,128,2015,10,16,29,99,52,14,26,19,14,0,2,1,0
10/17/2015,127,2015,10,17,30,97,43,9,27,28,17,1,1,0,1
10/18/2015,123,2015,10,18,34,89,57,8,31,17,7,1,0,1,1
10/19/2015,109,2015,10,19,32,77,39,6,30,24,8,0,0,0,2
10/20/2015,156,2015,10,20,36,120,60,16,32,27,17,0,1,0,3
10/21/2015,149,2015,10,21,40,109,62,17,32,20,10,3,2,1,2
10/22/2015,144,2015,10,22,38,106,55,10,31,25,16,0,2,1,4
10/23/2015,156,2015,10,23,41,115,62,20,36,26,7,1,0,0,4
10/24/2015,128,2015,10,24,30,98,62,7,27,17,12,1,1,0,1
10/25/2015,138,2015,10,25,51,87,42,12,47,16,17,0,3,1,0
10/26/2015,137,2015,10,26,32,105,59,12,31,21,13,0,1,0,0
10/27/2015,147,2015,10,27,39,108,61,14,35,22,11,1,1,1,1
10/28/2015,141,2015,10,28,32,109,58,13,30,23,15,1,0,1,0
10/29/2015,134,2015,10,29,32,102,57,6,30,20,19,1,0,0,1
10/30/2015,165,2015,10,30,45,120,55,21,40,31,13,0,1,3,1
10/31/2015,125,2015,10,31,47,78,41,11,42,15,11,1,1,2,1
11/01/2015,146,2015,11,1,51,95,45,15,46,23,12,0,0,3,2
11/02/2015,151,2015,11,2,42,109,51,11,38,28,19,2,0,0,2
11/03/2015,142,2015,11,3,37,105,50,12,32,26,17,1,2,0,2
11/04/2015,128,2015,11,4,36,92,48,11,30,16,17,1,2,1,2
11/05/2015,154,2015,11,5,42,112,59,12,37,26,15,1,1,1,2
11/06/2015,173,2015,11,6,30,143,68,25,25,31,19,0,0,1,4
11/07/2015,119,2015,11,7,35,84,50,11,32,13,10,1,2,0,0
11/08/2015,105,2015,11,8,37,68,31,13,31,19,5,2,3,1,0
11/09/2015,127,2015,11,9,32,95,56,8,29,19,12,1,1,0,1
11/10/2015,137,2015,11,10,24,113,44,11,20,34,24,0,0,4,0
11/11/2015,127,2015,11,11,34,93,38,16,29,24,15,1,0,0,4
11/12/2015,141,2015,11,12,43,98,50,10,40,20,18,1,1,1,0
11/13/2015,117,2015,11,13,26,91,49,11,23,19,12,0,0,2,1
11/14/2015,102,2015,11,14,31,71,42,11,22,6,12,1,5,0,3
11/15/2015,147,2015,11,15,50,97,44,16,42,23,14,1,1,0,6
11/16/2015,125,2015,11,16,33,92,45,11,28,19,17,0,3,1,1
11/17/2015,142,2015,11,17,22,120,50,16,19,32,22,2,0,0,1
11/18/2015,146,2015,11,18,40,106,49,16,35,19,22,2,1,1,1
11/19/2015,159,2015,11,19,31,128,76,13,28,25,14,1,1,1,0
11/20/2015,142,2015,11,20,23,119,64,13,20,25,17,1,1,0,1
11/21/2015,162,2015,11,21,47,115,56,11,38,27,21,0,1,2,6
11/22/2015,129,2015,11,22,28,101,48,15,27,18,20,0,0,0,1
11/23/2015,114,2015,11,23,29,85,48,6,26,23,8,0,0,1,2
11/24/2015,141,2015,11,24,29,112,54,9,26,32,17,0,0,0,3
11/25/2015,123,2015,11,25,29,94,42,9,27,26,17,0,0,0,2
11/26/2015,99,2015,11,26,31,68,35,9,30,14,10,0,0,0,1
11/27/2015,134,2015,11,27,37,97,46,14,36,21,16,0,0,1,0
11/28/2015,159,2015,11,28,46,113,50,9,42,36,18,2,1,1,0
11/29/2015,110,2015,11,29,32,78,27,17,29,19,15,0,1,0,2
11/30/2015,137,2015,11,30,22,115,58,20,21,21,16,1,0,0,0
12/01/2015,129,2015,12,1,32,97,51,9,26,23,14,0,1,5,0
12/02/2015,129,2015,12,2,29,100,54,13,22,18,15,3,3,0,1
12/03/2015,116,2015,12,3,23,93,50,10,20,17,16,0,1,1,1
12/04/2015,120,2015,12,4,36,84,49,9,29,16,10,2,2,1,2
12/05/2015,93,2015,12,5,18,75,39,9,17,16,11,0,1,0,0
12/06/2015,118,2015,12,6,46,72,38,12,38,14,8,1,3,2,2
12/07/2015,116,2015,12,7,30,86,42,6,29,24,14,0,0,0,1
12/08/2015,116,2015,12,8,30,86,42,17,28,19,8,0,0,1,1
12/09/2015,139,2015,12,9,38,101,55,10,33,24,12,0,1,1,3
12/10/2015,155,2015,12,10,35,120,52,17,31,30,21,1,0,1,2
12/11/2015,151,2015,12,11,56,95,36,11,46,28,20,1,1,2,6
12/12/2015,168,2015,12,12,60,108,63,8,55,21,16,4,0,0,1
12/13/2015,126,2015,12,13,41,85,41,16,36,16,12,1,1,2,1
12/14/2015,133,2015,12,14,31,102,58,8,28,24,12,1,1,1,0
12/15/2015,161,2015,12,15,23,138,51,8,22,60,19,0,1,0,0
12/16/2015,143,2015,12,16,35,108,53,13,31,25,17,0,2,0,2
12/17/2015,115,2015,12,17,26,89,38,11,22,27,13,1,1,1,1
12/18/2015,138,2015,12,18,36,102,48,10,33,28,16,0,1,1,1
12/19/2015,124,2015,12,19,45,79,35,9,39,23,12,0,0,0,6
12/20/2015,139,2015,12,20,45,94,39,13,37,29,13,0,4,0,4
12/21/2015,146,2015,12,21,36,110,58,10,35,17,25,0,0,0,1
12/22/2015,149,2015,12,22,33,116,45,11,32,29,31,0,0,0,1
12/23/2015,128,2015,12,23,28,100,41,9,24,30,20,1,1,2,0
12/24/2015,131,2015,12,24,29,102,44,17,27,22,19,1,0,1,0
12/25/2015,106,2015,12,25,31,75,25,10,30,24,16,0,0,0,1
12/26/2015,127,2015,12,26,34,93,42,16,33,22,13,0,1,0,0
12/27/2015,134,2015,12,27,42,92,39,8,34,19,26,0,1,1,6
12/28/2015,132,2015,12,28,31,101,41,13,28,33,14,0,3,0,0
12/29/2015,123,2015,12,29,36,87,51,8,34,20,8,0,1,0,1
12/30/2015,121,2015,12,30,30,91,45,9,24,25,12,1,1,0,4
12/31/2015,99,2015,12,31,25,74,36,6,21,24,8,2,1,1,0
01/01/2016,153,2016,1,1,47,106,60,15,40,18,13,2,1,1,3
01/02/2016,111,2016,1,2,36,75,44,8,34,6,17,0,0,1,1
01/03/2016,112,2016,1,3,23,89,41,12,23,22,14,0,0,0,0
01/04/2016,115,2016,1,4,16,99,42,19,15,24,14,0,0,1,0
01/05/2016,122,2016,1,5,36,86,38,17,33,16,15,1,1,1,0
01/06/2016,118,2016,1,6,29,89,37,14,27,25,13,0,0,2,0
01/07/2016,139,2016,1,7,46,93,51,8,33,20,14,2,3,3,5
01/08/2016,159,2016,1,8,40,119,53,13,35,30,23,1,0,1,3
01/09/2016,130,2016,1,9,39,91,39,17,34,15,20,1,0,1,3
01/10/2016,118,2016,1,10,36,82,33,14,31,16,19,0,1,0,4
01/11/2016,110,2016,1,11,29,81,26,14,26,23,18,0,1,2,0
01/12/2016,142,2016,1,12,37,105,54,13,31,24,14,1,1,3,1
01/13/2016,113,2016,1,13,26,87,35,23,25,18,11,0,0,0,1
01/14/2016,136,2016,1,14,32,104,48,15,30,25,16,0,0,0,2
01/15/2016,123,2016,1,15,37,86,45,11,33,18,12,2,1,0,1
01/16/2016,121,2016,1,16,44,77,42,13,41,18,4,2,0,0,1
01/17/2016,129,2016,1,17,43,86,35,18,40,10,23,0,0,1,2
01/18/2016,105,2016,1,18,21,84,33,18,17,18,15,1,1,0,2
01/19/2016,125,2016,1,19,34,91,36,14,31,27,14,0,2,0,1
01/20/2016,98,2016,1,20,24,74,32,10,21,21,11,0,0,3,0
01/21/2016,99,2016,1,21,16,83,33,14,15,21,15,0,0,0,1
01/22/2016,100,2016,1,22,17,83,32,14,16,26,11,0,0,0,1
01/23/2016,32,2016,1,23,7,25,6,6,6,11,2,0,0,1,0
01/24/2016,44,2016,1,24,13,31,11,6,13,11,3,0,0,0,0
01/25/2016,65,2016,1,25,30,35,14,9,28,5,7,1,0,0,1
01/26/2016,75,2016,1,26,27,48,20,9,24,8,11,0,1,1,1
01/27/2016,90,2016,1,27,35,55,31,12,35,8,4,0,0,0,0
01/28/2016,96,2016,1,28,24,72,34,14,24,12,12,0,0,0,0
01/29/2016,102,2016,1,29,31,71,26,16,29,15,14,0,1,0,1
01/30/2016,93,2016,1,30,20,73,41,6,20,17,9,0,0,0,0
01/31/2016,105,2016,1,31,34,71,41,15,32,9,6,1,0,0,1
02/01/2016,110,2016,2,1,35,75,38,4,28,14,19,1,1,3,2
02/02/2016,105,2016,2,2,29,76,35,12,26,24,5,1,0,2,0
02/03/2016,105,2016,2,3,38,67,23,13,36,20,11,0,1,0,1
02/04/2016,94,2016,2,4,16,78,37,7,13,15,19,0,1,0,2
02/05/2016,100,2016,2,5,31,69,25,17,29,18,9,0,2,0,0
02/06/2016,96,2016,2,6,34,62,36,6,34,13,7,0,0,0,0
02/07/2016,104,2016,2,7,26,78,32,14,25,15,17,0,0,0,1
02/08/2016,124,2016,2,8,45,79,39,9,42,14,17,0,1,1,1
02/09/2016,91,2016,2,9,20,71,23,9,17,28,11,1,0,1,1
02/10/2016,109,2016,2,10,33,76,37,11,28,14,14,1,2,0,2
02/11/2016,76,2016,2,11,21,55,22,7,20,20,6,0,1,0,0
02/12/2016,107,2016,2,12,26,81,32,14,23,25,10,0,1,2,0
02/13/2016,88,2016,2,13,21,67,32,15,19,12,8,0,0,2,0
02/14/2016,72,2016,2,14,27,45,18,9,25,7,11,1,0,0,1
02/15/2016,66,2016,2,15,21,45,22,4,19,12,7,0,1,0,1
02/16/2016,97,2016,2,16,24,73,28,16,23,17,12,0,0,0,1
02/17/2016,105,2016,2,17,34,71,26,12,31,20,13,1,1,0,1
02/18/2016,83,2016,2,18,28,55,24,10,26,12,9,0,1,0,1
02/19/2016,125,2016,2,19,36,89,41,13,27,18,17,2,1,2,4
02/20/2016,89,2016,2,20,25,64,28,13,23,17,6,0,2,0,0
02/21/2016,99,2016,2,21,34,65,33,12,31,12,8,0,3,0,0
02/22/2016,110,2016,2,22,41,69,35,13,34,14,7,2,0,1,4
02/23/2016,99,2016,2,23,28,71,36,7,23,22,6,3,1,1,0
02/24/2016,101,2016,2,24,33,68,30,9,30,20,9,0,0,3,0
02/25/2016,102,2016,2,25,27,75,34,6,22,21,14,0,1,1,3
02/26/2016,119,2016,2,26,23,96,48,8,21,31,9,0,1,0,1
02/27/2016,71,2016,2,27,27,44,26,8,23,5,5,0,0,0,4
02/28/2016,109,2016,2,28,40,69,34,11,37,12,12,0,0,2,1
02/29/2016,118,2016,2,29,37,81,40,5,33,27,9,1,2,0,1
03/01/2016,121,2016,3,1,34,87,46,10,30,22,9,0,0,3,1
03/02/2016,83,2016,3,2,20,63,29,11,17,13,10,1,0,2,0
03/03/2016,100,2016,3,3,36,64,37,7,34,13,7,0,1,1,0
03/04/2016,112,2016,3,4,29,83,41,10,26,21,11,0,0,2,1
03/05/2016,110,2016,3,5,41,69,40,12,35,9,8,0,0,3,3
03/06/2016,102,2016,3,6,37,65,35,13,34,9,8,1,1,0,1
03/07/2016,150,2016,3,7,46,104,56,16,41,20,12,0,0,0,5
03/08/2016,112,2016,3,8,37,75,44,12,33,11,8,1,0,1,2
03/09/2016,102,2016,3,9,28,74,43,13,28,13,5,0,0,0,0
03/10/2016,126,2016,3,10,54,72,43,5,50,13,11,2,1,0,1
03/11/2016,126,2016,3,11,43,83,45,12,40,18,8,0,0,1,2
03/12/2016,134,2016,3,12,43,91,40,18,40,17,16,1,1,0,1
03/13/2016,83,2016,3,13,25,58,28,13,23,4,13,0,1,0,1
03/14/2016,104,2016,3,14,27,77,32,13,24,19,13,1,0,2,0
03/15/2016,119,2016,3,15,37,82,46,8,35,13,15,0,1,0,1
03/16/2016,138,2016,3,16,39,99,44,17,34,21,17,1,1,0,3
03/17/2016,135,2016,3,17,43,92,48,12,40,22,10,0,1,0,2
03/18/2016,122,2016,3,18,44,78,34,15,38,17,12,1,1,2,2
03/19/2016,96,2016,3,19,25,71,31,9,21,20,11,0,1,0,3
03/20/2016,89,2016,3,20,28,61,26,10,24,14,11,1,1,0,2
03/21/2016,129,2016,3,21,39,90,36,17,39,21,16,0,0,0,0
03/22/2016,136,2016,3,22,40,96,49,9,37,24,14,1,2,0,0
03/23/2016,133,2016,3,23,36,97,47,13,36,19,18,0,0,0,0
03/24/2016,130,2016,3,24,37,93,41,23,35,20,9,0,1,0,1
03/25/2016,133,2016,3,25,46,87,41,15,39,15,16,0,0,1,6
03/26/2016,134,2016,3,26,46,88,47,11,39,14,16,1,0,5,1
03/27/2016,111,2016,3,27,35,76,37,17,32,15,7,1,1,0,1
03/28/2016,103,2016,3,28,31,72,41,6,27,12,13,1,0,0,3
03/29/2016,117,2016,3,29,29,88,49,9,25,19,11,1,1,0,2
03/30/2016,134,2016,3,30,36,98,51,13,30,14,20,2,1,2,1
03/31/2016,96,2016,3,31,26,70,40,6,23,14,10,0,1,0,2
04/01/2016,130,2016,4,1,39,91,60,10,38,12,9,0,0,1,0
04/02/2016,135,2016,4,2,50,85,44,13,49,14,14,0,0,0,1
04/03/2016,97,2016,4,3,24,73,40,10,22,11,12,0,1,0,1
04/04/2016,107,2016,4,4,31,76,48,8,29,12,8,1,0,1,0
04/05/2016,107,2016,4,5,26,81,38,16,25,17,10,0,0,0,1
04/06/2016,139,2016,4,6,45,94,43,13,42,26,12,1,1,0,1
04/07/2016,120,2016,4,7,32,88,41,14,29,25,8,1,1,0,1
04/08/2016,127,2016,4,8,38,89,51,13,33,12,13,0,3,2,0
04/09/2016,117,2016,4,9,37,80,47,8,32,14,11,1,0,0,4
04/10/2016,106,2016,4,10,33,73,30,9,28,17,17,1,0,1,3
04/11/2016,147,2016,4,11,53,94,50,18,48,14,12,0,2,2,1
04/12/2016,124,2016,4,12,30,94,49,14,25,17,14,2,2,0,1
04/13/2016,134,2016,4,13,34,100,56,13,32,20,11,1,0,1,0
04/14/2016,133,2016,4,14,29,104,59,12,28,24,9,0,0,0,1
04/15/2016,134,2016,4,15,45,89,43,13,40,14,19,1,0,3,1
04/16/2016,151,2016,4,16,53,98,51,11,46,19,17,1,1,3,2
04/17/2016,114,2016,4,17,50,64,36,9,44,9,10,2,1,1,2
04/18/2016,149,2016,4,18,52,97,49,12,47,17,19,0,1,2,2
04/19/2016,140,2016,4,19,41,99,61,11,35,15,12,1,2,0,3
04/20/2016,154,2016,4,20,37,117,62,13,35,23,19,1,0,0,1
04/21/2016,136,2016,4,21,35,101,48,13,27,25,15,3,0,1,4
04/22/2016,150,2016,4,22,43,107,62,12,40,18,15,1,1,1,0
04/23/2016,124,2016,4,23,38,86,43,12,36,13,18,1,0,0,1
04/24/2016,143,2016,4,24,44,99,56,13,32,12,18,2,2,2,6
04/25/2016,145,2016,4,25,32,113,63,11,25,20,19,0,3,3,1
04/26/2016,153,2016,4,26,45,108,44,8,36,31,25,2,3,0,4
04/27/2016,124,2016,4,27,31,93,49,8,28,21,15,2,1,0,0
04/28/2016,126,2016,4,28,27,99,40,14,21,28,17,1,3,1,1
04/29/2016,128,2016,4,29,36,92,46,8,36,18,20,0,0,0,0
04/30/2016,102,2016,4,30,24,78,40,10,21,14,14,0,0,3,0
05/01/2016,119,2016,5,1,27,92,55,14,26,14,9,0,0,0,1
05/02/2016,146,2016,5,2,40,106,61,14,33,17,14,2,1,0,4
05/03/2016,139,2016,5,3,48,91,54,14,45,11,12,0,1,0,2
05/04/2016,129,2016,5,4,34,95,50,15,33,14,16,0,1,0,0
05/05/2016,129,2016,5,5,30,99,44,14,28,24,17,1,0,1,0
05/06/2016,145,2016,5,6,46,99,55,9,42,23,12,0,1,0,3
05/07/2016,116,2016,5,7,38,78,35,11,31,21,11,1,1,1,4
05/08/2016,122,2016,5,8,35,87,43,12,32,18,14,1,1,0,1
05/09/2016,154,2016,5,9,31,123,65,14,29,20,24,0,0,0,2
05/10/2016,140,2016,5,10,40,100,47,9,36,18,26,0,1,0,3
05/11/2016,132,2016,5,11,27,105,43,12,24,30,20,0,0,1,2
05/12/2016,167,2016,5,12,46,121,68,15,40,24,14,1,1,2,2
05/13/2016,137,2016,5,13,33,104,53,14,30,26,11,0,0,1,2
05/14/2016,118,2016,5,14,42,76,38,8,37,17,13,0,0,0,5
05/15/2016,140,2016,5,15,47,93,55,9,40,16,13,2,0,2,3
05/16/2016,130,2016,5,16,38,92,51,8,30,17,16,2,0,1,5
05/17/2016,140,2016,5,17,38,102,47,4,35,29,22,0,1,0,2
05/18/2016,129,2016,5,18,35,94,52,8,25,14,20,0,0,2,8
05/19/2016,129,2016,5,19,32,97,59,7,27,20,11,1,0,0,4
05/20/2016,152,2016,5,20,50,102,54,10,44,20,18,0,1,2,3
05/21/2016,129,2016,5,21,45,84,46,9,40,16,13,1,0,0,4
05/22/2016,116,2016,5,22,41,75,33,19,36,10,13,1,0,4,0
05/23/2016,123,2016,5,23,31,92,39,10,23,20,23,1,3,1,3
05/24/2016,154,2016,5,24,53,101,47,14,44,19,21,3,0,0,6
05/25/2016,151,2016,5,25,43,108,56,13,37,23,16,0,4,1,1
05/26/2016,156,2016,5,26,48,108,50,15,42,21,22,1,4,1,0
05/27/2016,157,2016,5,27,43,114,66,11,37,20,17,0,2,1,3
05/28/2016,161,2016,5,28,60,101,51,16,52,8,26,1,1,2,4
05/29/2016,108,2016,5,29,39,69,36,12,36,15,6,1,0,1,1
05/30/2016,167,2016,5,30,53,114,63,20,43,11,20,4,0,0,6
05/31/2016,130,2016,5,31,49,81,47,7,44,16,11,3,1,0,1
06/01/2016,134,2016,6,1,34,100,54,5,31,17,24,1,0,0,2
06/02/2016,131,2016,6,2,36,95,41,9,32,23,22,1,0,0,3
06/03/2016,137,2016,6,3,38,99,50,15,33,19,15,1,2,2,0
06/04/2016,152,2016,6,4,64,88,41,9,59,26,12,0,1,2,2
06/05/2016,255,2016,6,5,43,212,41,13,38,146,12,2,0,1,2
06/06/2016,171,2016,6,6,44,127,56,18,38,29,24,1,2,1,2
06/07/2016,131,2016,6,7,37,94,44,21,33,19,10,0,0,0,4
06/08/2016,164,2016,6,8,50,114,58,8,42,32,16,0,2,1,5
06/09/2016,140,2016,6,9,45,95,53,9,41,23,10,1,2,1,0
06/10/2016,164,2016,6,10,56,108,49,13,45,29,17,1,2,3,5
06/11/2016,157,2016,6,11,58,99,46,8,50,18,27,1,2,2,3
06/12/2016,129,2016,6,12,42,87,53,15,40,14,5,1,0,0,1
06/13/2016,172,2016,6,13,49,123,59,14,46,28,22,0,1,0,2
06/14/2016,132,2016,6,14,22,110,47,23,21,30,10,0,1,0,0
06/15/2016,161,2016,6,15,47,114,65,17,43,20,12,2,0,0,2
06/16/2016,125,2016,6,16,40,85,44,12,38,21,8,1,0,0,1
06/17/2016,128,2016,6,17,37,91,51,12,36,18,10,0,0,1,0
06/18/2016,141,2016,6,18,52,89,51,10,45,21,7,1,0,3,3
06/19/2016,143,2016,6,19,50,93,51,7,47,20,15,1,0,0,2
06/20/2016,186,2016,6,20,48,138,70,18,39,29,21,3,0,0,6
06/21/2016,143,2016,6,21,45,98,52,9,36,21,16,3,1,1,4
06/22/2016,150,2016,6,22,45,105,49,12,39,26,18,1,2,0,3
06/23/2016,156,2016,6,23,47,109,62,13,40,14,20,1,1,0,5
06/24/2016,131,2016,6,24,45,86,39,8,41,21,18,0,1,0,3
06/25/2016,151,2016,6,25,44,107,57,21,40,21,8,1,1,1,1
06/26/2016,133,2016,6,26,38,95,54,8,34,22,11,1,2,0,1
06/27/2016,122,2016,6,27,42,80,40,11,37,15,14,2,0,1,2
06/28/2016,139,2016,6,28,49,90,53,11,37,17,9,2,3,1,6
06/29/2016,144,2016,6,29,34,110,55,18,29,25,12,3,0,1,1
06/30/2016,112,2016,6,30,38,74,44,9,35,10,11,1,1,0,1
07/01/2016,147,2016,7,1,42,105,60,6,38,27,12,0,1,3,0
07/02/2016,108,2016,7,2,30,78,45,11,26,11,11,1,0,0,3
07/03/2016,138,2016,7,3,34,104,50,19,31,18,17,1,1,0,1
07/04/2016,103,2016,7,4,30,73,34,12,28,14,13,0,0,1,1
07/05/2016,151,2016,7,5,51,100,56,9,43,17,18,0,2,4,2
07/06/2016,139,2016,7,6,45,94,52,6,37,17,19,0,2,0,6
07/07/2016,138,2016,7,7,40,98,45,11,36,25,17,2,0,0,2
07/08/2016,119,2016,7,8,22,97,42,11,20,28,16,0,2,0,0
07/09/2016,105,2016,7,9,20,85,41,8,17,17,19,1,0,0,2
07/10/2016,128,2016,7,10,36,92,53,9,31,18,12,0,3,0,2
07/11/2016,164,2016,7,11,52,112,53,14,41,25,20,0,2,3,6
07/12/2016,130,2016,7,12,39,91,45,7,31,20,19,5,1,1,1
07/13/2016,131,2016,7,13,38,93,52,10,33,18,13,2,1,0,2
07/14/2016,137,2016,7,14,52,85,39,12,44,21,13,3,2,1,2
07/15/2016,130,2016,7,15,20,110,53,5,19,36,16,0,0,1,0
07/16/2016,128,2016,7,16,34,94,44,16,29,19,15,0,2,1,2
07/17/2016,137,2016,7,17,49,88,39,14,44,15,20,3,0,0,2
07/18/2016,122,2016,7,18,41,81,33,10,37,23,15,0,2,0,2
07/19/2016,141,2016,7,19,35,106,45,20,28,25,16,0,3,0,4
07/20/2016,162,2016,7,20,47,115,59,11,43,25,20,0,0,0,4
07/21/2016,139,2016,7,21,34,105,51,15,28,22,17,1,1,2,2
07/22/2016,138,2016,7,22,43,95,43,8,41,27,17,0,0,1,1
07/23/2016,110,2016,7,23,35,75,27,19,30,17,12,1,2,1,1
07/24/2016,124,2016,7,24,39,85,32,16,32,16,21,0,2,0,5
07/25/2016,148,2016,7,25,47,101,50,12,38,20,19,2,2,0,5
07/26/2016,138,2016,7,26,36,102,45,18,35,22,17,0,1,0,0
07/27/2016,131,2016,7,27,35,96,39,18,29,29,10,0,0,4,2
07/28/2016,142,2016,7,28,43,99,53,18,34,18,10,1,3,1,4
07/29/2016,130,2016,7,29,19,111,64,15,18,24,8,0,1,0,0
07/30/2016,125,2016,7,30,41,84,42,9,39,16,17,0,0,1,1
07/31/2016,128,2016,7,31,34,94,57,11,32,12,14,0,0,1,1
08/01/2016,146,2016,8,1,40,106,58,13,37,19,16,0,0,0,3
08/02/2016,151,2016,8,2,42,109,58,17,34,19,15,0,0,2,6
08/03/2016,133,2016,8,3,35,98,59,10,28,13,16,2,1,0,4
08/04/2016,130,2016,8,4,32,98,61,11,26,11,15,1,1,2,2
08/05/2016,147,2016,8,5,42,105,55,12,36,21,17,0,1,1,4
08/06/2016,128,2016,8,6,35,93,48,19,32,13,13,1,0,1,1
08/07/2016,149,2016,8,7,39,110,57,11,33,17,25,2,1,2,1
08/08/2016,148,2016,8,8,43,105,51,12,39,20,22,0,0,1,3
08/09/2016,126,2016,8,9,39,87,48,11,37,13,15,1,0,0,1
08/10/2016,147,2016,8,10,37,110,49,19,31,24,18,0,4,1,1
08/11/2016,125,2016,8,11,36,89,40,8,34,13,28,0,0,1,1
08/12/2016,138,2016,8,12,43,95,50,8,41,24,13,0,1,0,1
08/13/2016,160,2016,8,13,60,100,44,10,54,23,23,1,2,0,3
08/14/2016,109,2016,8,14,42,67,40,3,38,13,11,0,0,1,3
08/15/2016,135,2016,8,15,36,99,41,24,31,18,16,1,0,1,3
08/16/2016,135,2016,8,16,37,98,50,12,35,20,16,0,1,0,1
08/17/2016,132,2016,8,17,39,93,54,8,33,21,10,0,2,1,3
08/18/2016,142,2016,8,18,40,102,52,11,40,23,16,0,0,0,0
08/19/2016,146,2016,8,19,40,106,54,10,34,23,19,1,2,2,1
08/20/2016,138,2016,8,20,38,100,50,10,35,14,26,0,1,2,0
08/21/2016,120,2016,8,21,47,73,31,12,44,13,17,1,0,1,1
08/22/2016,152,2016,8,22,46,106,49,11,38,28,18,0,2,1,5
08/23/2016,133,2016,8,23,35,98,52,18,31,20,8,0,1,1,2
08/24/2016,131,2016,8,24,23,108,49,17,18,25,17,2,2,0,1
08/25/2016,134,2016,8,25,27,107,63,17,25,15,12,0,0,1,1
08/26/2016,145,2016,8,26,40,105,52,14,37,22,17,0,2,1,0
08/27/2016,144,2016,8,27,47,97,48,9,41,21,19,1,3,0,2
08/28/2016,153,2016,8,28,55,98,48,8,54,16,26,1,0,0,0
08/29/2016,142,2016,8,29,37,105,49,13,32,23,20,1,0,2,2
08/30/2016,141,2016,8,30,40,101,42,19,38,26,14,0,0,1,1
08/31/2016,137,2016,8,31,57,80,40,12,53,14,14,0,0,0,4
09/01/2016,170,2016,9,1,46,124,69,11,42,31,13,0,0,2,2
09/02/2016,134,2016,9,2,49,85,38,15,41,18,14,1,2,1,4
09/03/2016,129,2016,9,3,57,72,32,15,53,17,8,1,0,0,3
09/04/2016,136,2016,9,4,44,92,37,21,37,20,14,1,1,2,3
09/05/2016,131,2016,9,5,53,78,41,7,46,12,18,0,1,0,6
09/06/2016,143,2016,9,6,41,102,52,16,38,14,20,1,1,1,0
09/07/2016,160,2016,9,7,48,112,58,15,40,19,20,0,5,0,3
09/08/2016,131,2016,9,8,43,88,51,9,38,21,7,0,3,0,2
09/09/2016,151,2016,9,9,41,110,59,11,39,24,16,1,1,0,0
09/10/2016,149,2016,9,10,40,109,52,13,37,27,17,2,0,0,1
09/11/2016,180,2016,9,11,62,118,59,16,60,19,24,0,0,1,1
09/12/2016,161,2016,9,12,46,115,50,17,42,34,14,1,0,1,2
09/13/2016,150,2016,9,13,52,98,56,9,50,21,12,0,0,0,2
09/14/2016,133,2016,9,14,36,97,56,10,31,17,14,1,1,1,2
09/15/2016,155,2016,9,15,47,108,55,11,44,24,18,1,2,0,0
09/16/2016,146,2016,9,16,49,97,46,10,41,30,11,1,3,0,4
09/17/2016,143,2016,9,17,54,89,50,8,48,18,13,2,0,2,2
09/18/2016,145,2016,9,18,45,100,41,20,39,18,21,1,2,0,3
09/19/2016,136,2016,9,19,26,110,57,16,21,19,18,1,1,3,0
09/20/2016,149,2016,9,20,34,115,61,9,32,32,13,0,0,1,1
09/21/2016,143,2016,9,21,42,101,56,11,38,21,13,1,2,1,0
09/22/2016,186,2016,9,22,56,130,55,8,51,36,31,1,0,0,4
09/23/2016,165,2016,9,23,47,118,47,22,40,26,23,1,1,3,2
09/24/2016,188,2016,9,24,74,114,61,15,61,22,16,0,1,1,11
09/25/2016,156,2016,9,25,59,97,53,9,51,24,11,0,2,1,5
09/26/2016,125,2016,9,26,34,91,46,11,33,20,14,1,0,0,0
09/27/2016,156,2016,9,27,46,110,55,13,39,26,16,3,1,0,3
09/28/2016,140,2016,9,28,30,110,62,17,28,20,11,1,0,0,1
09/29/2016,131,2016,9,29,26,105,46,15,23,31,13,3,0,0,0
09/30/2016,169,2016,9,30,42,127,67,12,40,21,27,0,0,0,2
10/01/2016,147,2016,10,1,35,112,60,18,31,23,11,1,0,3,0
10/02/2016,146,2016,10,2,42,104,54,13,37,14,23,1,2,0,2
10/03/2016,133,2016,10,3,40,93,46,20,34,12,15,1,2,1,2
10/04/2016,142,2016,10,4,37,105,44,7,33,33,21,1,2,0,1
10/05/2016,154,2016,10,5,49,105,50,14,44,23,18,1,0,1,3
10/06/2016,126,2016,10,6,41,85,48,6,34,19,12,3,1,0,3
10/07/2016,171,2016,10,7,51,120,52,14,46,24,30,1,0,2,2
10/08/2016,147,2016,10,8,55,92,44,15,50,23,10,2,0,3,0
10/09/2016,149,2016,10,9,52,97,46,18,41,16,17,3,1,2,5
10/10/2016,152,2016,10,10,41,111,53,19,32,26,13,4,3,1,1
10/11/2016,153,2016,10,11,48,105,48,11,42,27,19,0,2,1,3
10/12/2016,146,2016,10,12,47,99,45,11,42,27,16,0,2,2,1
10/13/2016,148,2016,10,13,39,109,54,15,33,26,14,2,1,1,2
10/14/2016,156,2016,10,14,40,116,50,15,37,32,19,1,0,1,1
10/15/2016,163,2016,10,15,60,103,46,21,54,17,19,1,1,1,3
10/16/2016,143,2016,10,16,36,107,56,14,32,19,18,0,2,0,2
10/17/2016,183,2016,10,17,43,140,57,22,40,32,29,0,0,0,3
10/18/2016,150,2016,10,18,48,102,62,12,42,14,14,1,1,1,3
10/19/2016,189,2016,10,19,33,156,88,22,32,25,21,0,1,0,0
10/20/2016,177,2016,10,20,44,133,63,15,39,31,24,1,0,2,2
10/21/2016,160,2016,10,21,43,117,59,17,37,23,18,2,1,1,2
10/22/2016,130,2016,10,22,36,94,42,16,34,21,15,0,1,1,0
10/23/2016,151,2016,10,23,44,107,56,18,42,13,20,1,0,0,1
10/24/2016,161,2016,10,24,49,112,47,19,43,29,17,0,3,1,2
10/25/2016,179,2016,10,25,47,132,64,16,46,34,18,0,0,0,1
10/26/2016,143,2016,10,26,37,106,56,14,33,20,16,0,1,1,2
10/27/2016,152,2016,10,27,37,115,58,14,34,29,14,1,0,1,1
10/28/2016,165,2016,10,28,42,123,56,24,38,24,19,1,1,1,1
10/29/2016,138,2016,10,29,45,93,46,11,39,18,18,1,1,3,1
10/30/2016,171,2016,10,30,42,129,60,23,38,21,25,0,1,1,2
10/31/2016,196,2016,10,31,39,157,70,16,37,25,46,0,0,2,0
11/01/2016,186,2016,11,1,63,123,60,21,52,25,17,3,0,4,4
11/02/2016,156,2016,11,2,33,123,52,15,32,28,28,0,0,0,1
11/03/2016,152,2016,11,3,45,107,55,18,43,15,19,0,0,1,1
11/04/2016,170,2016,11,4,46,124,56,13,43,34,21,1,1,1,0
11/05/2016,146,2016,11,5,50,96,40,11,45,19,26,1,1,0,3
11/06/2016,155,2016,11,6,34,121,60,11,31,23,27,0,0,1,2
11/07/2016,140,2016,11,7,29,111,57,12,26,15,27,0,1,0,2
11/08/2016,127,2016,11,8,38,89,46,11,33,24,8,1,1,0,3
11/09/2016,136,2016,11,9,35,101,42,15,29,29,15,2,2,0,2
11/10/2016,140,2016,11,10,20,120,52,16,19,33,19,1,0,0,0
11/11/2016,154,2016,11,11,55,99,51,10,51,22,16,0,2,0,2
11/12/2016,129,2016,11,12,36,93,47,7,36,18,21,0,0,0,0
11/13/2016,120,2016,11,13,36,84,48,13,33,15,8,0,0,0,3
11/14/2016,131,2016,11,14,33,98,52,16,31,19,11,0,0,2,0
11/15/2016,150,2016,11,15,38,112,62,14,31,19,17,0,3,1,3
11/16/2016,160,2016,11,16,48,112,46,18,48,20,28,0,0,0,0
11/17/2016,176,2016,11,17,60,116,44,13,57,37,22,0,2,1,0
11/18/2016,165,2016,11,18,45,120,55,14,41,37,14,2,1,1,0
11/19/2016,130,2016,11,19,46,84,31,17,40,15,21,1,3,0,2
11/20/2016,114,2016,11,20,37,77,36,15,31,11,15,1,2,2,1
11/21/2016,137,2016,11,21,35,102,53,15,29,17,17,3,1,0,2
11/22/2016,160,2016,11,22,47,113,60,11,42,20,22,2,1,1,1
11/23/2016,147,2016,11,23,30,117,59,8,26,32,18,0,3,0,1
11/24/2016,112,2016,11,24,41,71,34,8,40,14,15,0,0,1,0
11/25/2016,133,2016,11,25,45,88,35,11,38,21,21,1,1,1,4
11/26/2016,117,2016,11,26,34,83,39,12,31,18,14,1,0,0,2
11/27/2016,131,2016,11,27,31,100,40,17,27,24,19,1,0,1,2
11/28/2016,187,2016,11,28,41,146,77,13,35,27,29,4,0,2,0
11/29/2016,167,2016,11,29,37,130,66,18,36,19,27,0,1,0,0
11/30/2016,141,2016,11,30,40,101,45,13,30,24,19,0,4,1,5
12/01/2016,170,2016,12,1,51,119,61,11,50,27,20,0,0,0,1
12/02/2016,153,2016,12,2,44,109,50,12,40,17,30,1,2,0,1
12/03/2016,133,2016,12,3,40,93,47,13,34,20,13,0,0,2,4
12/04/2016,130,2016,12,4,40,90,42,4,37,17,27,0,3,0,0
12/05/2016,150,2016,12,5,49,101,51,14,43,25,11,0,1,3,2
12/06/2016,123,2016,12,6,43,80,44,6,41,20,10,0,0,1,1
12/07/2016,140,2016,12,7,28,112,58,11,25,25,18,1,0,1,1
12/08/2016,156,2016,12,8,44,112,54,11,43,32,15,1,0,0,0
12/09/2016,114,2016,12,9,32,82,42,9,30,23,8,1,1,0,0
12/10/2016,123,2016,12,10,34,89,39,12,28,20,18,2,2,2,0
12/11/2016,136,2016,12,11,56,80,45,5,48,17,13,0,0,0,8
12/12/2016,124,2016,12,12,22,102,41,11,21,27,23,1,0,0,0
12/13/2016,169,2016,12,13,47,122,61,20,42,20,21,0,2,1,2
12/14/2016,131,2016,12,14,36,95,52,12,35,21,10,0,1,0,0
12/15/2016,125,2016,12,15,36,89,52,7,30,20,10,0,2,0,4
12/16/2016,119,2016,12,16,31,88,46,14,28,17,11,0,2,0,1
12/17/2016,90,2016,12,17,31,59,23,8,31,22,6,0,0,0,0
12/18/2016,129,2016,12,18,44,85,37,13,40,24,11,0,0,0,4
12/19/2016,140,2016,12,19,37,103,42,11,31,26,24,2,3,0,1
12/20/2016,179,2016,12,20,56,123,53,25,44,31,14,1,2,0,9
12/21/2016,142,2016,12,21,33,109,59,14,33,18,18,0,0,0,0
12/22/2016,157,2016,12,22,44,113,48,19,39,29,17,0,2,3,0
12/23/2016,157,2016,12,23,38,119,53,10,35,31,25,0,1,0,2
12/24/2016,121,2016,12,24,43,78,40,12,39,15,11,2,0,1,1
12/25/2016,118,2016,12,25,39,79,37,9,34,15,18,1,2,0,2
12/26/2016,115,2016,12,26,33,82,26,15,32,21,20,1,0,0,0
12/27/2016,144,2016,12,27,51,93,51,16,46,13,13,0,0,2,3
12/28/2016,161,2016,12,28,52,109,50,17,45,23,19,0,1,2,4
12/29/2016,127,2016,12,29,33,94,38,20,30,23,13,1,0,1,1
12/30/2016,112,2016,12,30,30,82,28,19,29,23,12,1,0,0,0
12/31/2016,125,2016,12,31,36,89,38,7,33,17,27,0,1,0,2
01/01/2017,155,2017,1,1,65,90,43,11,55,19,17,0,2,6,2
01/02/2017,145,2017,1,2,34,111,46,20,32,24,21,0,0,1,1
01/03/2017,130,2017,1,3,31,99,49,13,25,27,10,2,1,1,2
01/04/2017,149,2017,1,4,43,106,47,19,40,27,13,1,2,0,0
01/05/2017,148,2017,1,5,43,105,46,15,41,27,17,0,0,1,1
01/06/2017,134,2017,1,6,36,98,39,20,33,31,8,2,0,0,1
01/07/2017,118,2017,1,7,33,85,46,13,29,11,15,2,1,1,0
01/08/2017,99,2017,1,8,36,63,26,9,29,15,13,0,0,1,6
01/09/2017,121,2017,1,9,32,89,31,19,29,23,16,0,1,1,1
01/10/2017,169,2017,1,10,43,126,47,22,36,28,29,1,2,2,2
01/11/2017,163,2017,1,11,35,128,46,31,32,30,21,2,0,1,0
01/12/2017,172,2017,1,12,56,116,59,28,50,17,12,1,2,1,2
01/13/2017,154,2017,1,13,58,96,40,12,50,30,14,0,1,3,4
01/14/2017,110,2017,1,14,28,82,29,19,27,16,18,0,0,0,1
01/15/2017,130,2017,1,15,41,89,29,14,37,22,24,0,2,0,2
01/16/2017,139,2017,1,16,36,103,46,15,33,21,21,1,0,2,0
01/17/2017,171,2017,1,17,43,128,55,16,40,26,31,0,0,1,2
01/18/2017,134,2017,1,18,21,113,60,9,20,24,20,0,0,0,1
01/19/2017,153,2017,1,19,45,108,57,12,39,19,20,0,2,0,4
01/20/2017,205,2017,1,20,54,151,78,21,46,26,26,1,2,1,4
01/21/2017,157,2017,1,21,47,110,39,17,42,24,30,1,0,1,3
01/22/2017,114,2017,1,22,38,76,35,12,35,14,15,0,2,0,1
01/23/2017,152,2017,1,23,52,100,38,12,47,24,26,0,2,0,3
01/24/2017,138,2017,1,24,31,107,56,13,28,23,15,0,2,0,1
01/25/2017,167,2017,1,25,53,114,48,13,45,31,22,2,2,1,3
01/26/2017,160,2017,1,26,47,113,44,15,42,36,18,1,2,1,1
01/27/2017,162,2017,1,27,49,113,53,15,42,28,17,0,1,0,6
01/28/2017,176,2017,1,28,60,116,51,20,53,28,17,0,2,0,5
01/29/2017,150,2017,1,29,42,108,54,16,36,17,21,0,1,0,5
01/30/2017,144,2017,1,30,33,111,45,15,31,29,22,0,0,1,1
01/31/2017,145,2017,1,31,43,102,56,13,38,19,14,1,0,1,3
02/01/2017,140,2017,2,1,42,98,47,12,37,21,18,2,2,0,1
02/02/2017,159,2017,2,2,47,112,47,22,40,24,19,1,2,3,1
02/03/2017,155,2017,2,3,42,113,56,16,37,25,16,0,2,0,3
02/04/2017,142,2017,2,4,59,83,34,13,54,16,20,2,0,2,1
02/05/2017,118,2017,2,5,41,77,43,7,37,12,15,3,1,0,0
02/06/2017,134,2017,2,6,52,82,40,10,47,17,15,1,1,1,2
02/07/2017,124,2017,2,7,32,92,47,12,31,22,11,0,0,0,1
02/08/2017,124,2017,2,8,42,82,39,12,34,13,18,1,2,1,4
02/09/2017,140,2017,2,9,33,107,47,17,29,23,20,0,1,1,2
02/10/2017,147,2017,2,10,43,104,48,14,42,19,23,0,0,0,1
02/11/2017,137,2017,2,11,43,94,50,10,39,14,20,0,0,2,2
02/12/2017,127,2017,2,12,43,84,38,12,39,13,21,0,1,1,2
02/13/2017,128,2017,2,13,37,91,46,8,33,20,17,0,1,1,2
02/14/2017,149,2017,2,14,44,105,40,21,42,17,27,1,0,1,0
02/15/2017,142,2017,2,15,45,97,39,9,41,25,24,1,0,1,2
02/16/2017,130,2017,2,16,39,91,38,10,38,25,18,0,1,0,0
02/17/2017,144,2017,2,17,37,107,53,13,34,25,16,1,0,0,2
02/18/2017,155,2017,2,18,64,91,53,14,59,12,12,0,1,1,3
02/19/2017,109,2017,2,19,31,78,26,12,29,19,21,0,0,0,2
02/20/2017,112,2017,2,20,38,74,38,13,36,12,11,2,0,0,0
02/21/2017,156,2017,2,21,47,109,51,13,43,30,15,0,1,2,1
02/22/2017,129,2017,2,22,45,84,37,10,40,28,9,1,1,0,3
02/23/2017,149,2017,2,23,63,86,46,11,53,19,10,1,1,0,8
02/24/2017,134,2017,2,24,41,93,48,16,36,19,10,0,0,5,0
02/25/2017,131,2017,2,25,44,87,42,12,42,23,10,1,0,0,1
02/26/2017,100,2017,2,26,44,56,29,6,42,10,11,0,1,0,1
02/27/2017,116,2017,2,27,44,72,39,7,40,14,12,2,2,0,0
02/28/2017,104,2017,2,28,29,75,38,2,27,21,14,0,1,1,0
03/01/2017,148,2017,3,1,44,104,45,13,40,33,13,0,0,1,3
03/02/2017,109,2017,3,2,34,75,38,10,31,16,11,0,0,1,2
03/03/2017,129,2017,3,3,40,89,45,11,38,19,14,1,0,1,0
03/04/2017,100,2017,3,4,38,62,37,9,38,9,7,0,0,0,0
03/05/2017,94,2017,3,5,37,57,27,12,35,8,10,0,0,0,2
03/06/2017,113,2017,3,6,30,83,39,9,28,19,16,2,0,0,0
03/07/2017,124,2017,3,7,46,78,30,3,42,17,28,1,0,3,0
03/08/2017,134,2017,3,8,50,84,39,18,43,12,15,3,3,0,1
03/09/2017,110,2017,3,9,34,76,36,12,31,19,9,0,2,1,0
03/10/2017,113,2017,3,10,40,73,35,5,38,17,16,1,0,0,1
03/11/2017,127,2017,3,11,45,82,43,11,42,17,11,0,1,1,1
03/12/2017,91,2017,3,12,35,56,20,11,35,11,14,0,0,0,0
03/13/2017,111,2017,3,13,37,74,31,7,30,19,17,1,1,3,2
03/14/2017,74,2017,3,14,26,48,21,6,23,8,13,0,2,1,0
03/15/2017,84,2017,3,15,33,51,25,4,30,11,11,0,1,1,1
03/16/2017,120,2017,3,16,51,69,32,9,45,22,6,2,1,1,2
03/17/2017,135,2017,3,17,42,93,45,12,36,23,13,0,3,0,3
03/18/2017,147,2017,3,18,56,91,55,6,48,12,18,2,2,3,1
03/19/2017,105,2017,3,19,42,63,37,6,40,6,14,0,1,0,1
03/20/2017,121,2017,3,20,40,81,45,7,38,14,15,1,0,0,1
03/21/2017,150,2017,3,21,59,91,42,14,55,21,14,1,0,3,0
03/22/2017,136,2017,3,22,35,101,42,13,31,36,10,1,1,0,2
03/23/2017,138,2017,3,23,50,88,39,11,49,26,12,0,0,1,0
03/24/2017,150,2017,3,24,46,104,45,13,41,28,18,3,1,1,0
03/25/2017,127,2017,3,25,51,76,37,14,50,12,13,0,0,0,1
03/26/2017,133,2017,3,26,58,75,41,10,55,11,13,0,1,1,1
03/27/2017,152,2017,3,27,55,97,39,11,51,34,13,0,1,0,3
03/28/2017,118,2017,3,28,40,78,39,9,37,20,10,0,1,1,1
03/29/2017,136,2017,3,29,48,88,42,10,42,23,13,0,2,1,3
03/30/2017,126,2017,3,30,31,95,49,13,28,16,17,0,1,1,1
03/31/2017,116,2017,3,31,32,84,45,10,30,20,9,0,0,0,2
04/01/2017,157,2017,4,1,55,102,55,8,49,24,15,1,0,2,3
04/02/2017,102,2017,4,2,37,65,39,2,33,13,11,1,0,2,1
04/03/2017,156,2017,4,3,66,90,43,9,62,27,11,0,1,1,2
04/04/2017,133,2017,4,4,45,88,46,14,43,13,15,1,1,0,0
04/05/2017,132,2017,4,5,45,87,37,10,42,26,14,0,0,1,2
04/06/2017,115,2017,4,6,39,76,35,12,35,13,16,1,0,2,1
04/07/2017,128,2017,4,7,37,91,39,12,36,27,13,0,0,1,0
04/08/2017,135,2017,4,8,62,73,37,13,54,16,7,1,2,1,4
04/09/2017,138,2017,4,9,52,86,45,14,48,12,15,0,2,0,2
04/10/2017,163,2017,4,10,55,108,48,16,51,25,19,1,1,0,2
04/11/2017,138,2017,4,11,45,93,42,11,40,27,13,0,1,1,3
04/12/2017,131,2017,4,12,41,90,46,11,37,23,10,0,0,1,3
04/13/2017,121,2017,4,13,38,83,38,17,33,18,10,2,1,1,1
04/14/2017,146,2017,4,14,46,100,43,17,42,21,19,0,2,1,1
04/15/2017,165,2017,4,15,77,88,38,8,68,26,16,3,1,2,3
04/16/2017,141,2017,4,16,66,75,36,12,58,12,15,0,2,2,4
04/17/2017,129,2017,4,17,51,78,39,8,47,23,8,0,1,1,2
04/18/2017,106,2017,4,18,41,65,38,7,38,13,7,0,1,1,1
04/19/2017,139,2017,4,19,62,77,39,8,57,17,13,2,0,0,3
04/20/2017,157,2017,4,20,61,96,50,9,56,28,9,0,1,2,2
04/21/2017,163,2017,4,21,59,104,40,13,56,24,27,1,1,1,0
04/22/2017,150,2017,4,22,52,98,46,14,45,24,14,0,0,2,5
04/23/2017,152,2017,4,23,51,101,47,18,45,15,21,3,1,0,2
04/24/2017,130,2017,4,24,53,77,40,7,41,22,8,6,3,3,0
04/25/2017,139,2017,4,25,39,100,34,11,36,37,18,1,0,2,0
04/26/2017,138,2017,4,26,50,88,33,11,48,25,19,1,0,0,1
04/27/2017,142,2017,4,27,55,87,44,15,53,18,10,0,0,1,1
04/28/2017,155,2017,4,28,43,112,54,17,39,30,11,0,2,2,0
04/29/2017,122,2017,4,29,46,76,27,11,38,22,16,2,3,0,3
04/30/2017,144,2017,4,30,51,93,48,8,45,23,14,2,2,2,0
05/01/2017,136,2017,5,1,41,95,52,13,37,20,10,1,0,2,1
05/02/2017,168,2017,5,2,62,106,48,11,54,25,22,1,3,2,2
05/03/2017,145,2017,5,3,53,92,40,15,47,20,17,0,1,2,3
05/04/2017,147,2017,5,4,42,105,52,15,41,25,13,0,1,0,0
05/05/2017,141,2017,5,5,43,98,46,13,42,24,15,1,0,0,0
05/06/2017,167,2017,5,6,55,112,50,14,49,19,29,1,5,0,0
05/07/2017,136,2017,5,7,49,87,47,10,45,17,13,0,0,0,4
05/08/2017,153,2017,5,8,45,108,52,13,40,29,14,1,2,1,1
05/09/2017,130,2017,5,9,49,81,41,10,42,19,11,1,3,1,2
05/10/2017,138,2017,5,10,44,94,46,15,42,22,11,2,0,0,0
05/11/2017,119,2017,5,11,32,87,46,11,30,16,14,1,1,0,0
05/12/2017,157,2017,5,12,40,117,42,10,38,39,26,0,1,1,0
05/13/2017,134,2017,5,13,45,89,41,8,40,20,20,1,0,1,3
05/14/2017,136,2017,5,14,45,91,39,10,43,20,22,0,1,0,1
05/15/2017,156,2017,5,15,50,106,36,13,46,37,20,0,2,1,1
05/16/2017,155,2017,5,16,59,96,37,10,53,29,20,1,1,1,3
05/17/2017,181,2017,5,17,53,128,61,20,45,34,13,3,2,2,1
05/18/2017,143,2017,5,18,44,99,48,11,38,23,17,1,1,2,2
05/19/2017,141,2017,5,19,46,95,43,10,41,23,19,1,1,2,1
05/20/2017,169,2017,5,20,56,113,52,14,51,25,22,0,0,4,1
05/21/2017,146,2017,5,21,53,93,36,14,46,19,24,3,1,2,1
05/22/2017,180,2017,5,22,47,133,59,14,40,29,31,0,2,2,3
05/23/2017,130,2017,5,23,35,95,40,17,31,22,16,2,1,0,1
05/24/2017,148,2017,5,24,44,104,47,18,42,25,14,0,2,0,0
05/25/2017,154,2017,5,25,48,106,50,14,43,30,12,2,1,0,2
05/26/2017,166,2017,5,26,54,112,60,12,47,28,12,2,1,3,1
05/27/2017,141,2017,5,27,48,93,44,15,44,21,13,1,0,3,0
05/28/2017,122,2017,5,28,47,75,31,15,44,9,20,0,0,2,1
05/29/2017,137,2017,5,29,54,83,44,12,49,15,12,1,1,1,2
05/30/2017,144,2017,5,30,39,105,55,13,35,16,21,0,2,1,1
05/31/2017,166,2017,5,31,49,117,50,18,45,29,20,0,2,1,1
06/01/2017,170,2017,6,1,48,122,63,18,42,20,21,2,0,1,3
06/02/2017,163,2017,6,2,48,115,58,17,46,25,15,1,1,0,0
06/03/2017,137,2017,6,3,54,83,48,8,47,16,11,0,3,3,1
06/04/2017,114,2017,6,4,33,81,42,11,30,15,13,1,0,1,1
06/05/2017,144,2017,6,5,46,98,53,10,40,21,14,1,1,3,1
06/06/2017,147,2017,6,6,45,102,49,12,43,32,9,0,0,0,2
06/07/2017,156,2017,6,7,57,99,45,16,54,23,15,1,0,1,1
06/08/2017,167,2017,6,8,46,121,61,17,40,25,18,2,0,0,4
06/09/2017,179,2017,6,9,60,119,60,14,52,24,21,0,2,1,5
06/10/2017,132,2017,6,10,47,85,42,13,41,12,18,1,0,2,3
06/11/2017,169,2017,6,11,64,105,58,12,58,16,19,0,0,0,6
06/12/2017,158,2017,6,12,58,100,43,16,46,24,17,1,3,4,4
06/13/2017,166,2017,6,13,66,100,53,22,57,11,14,0,3,0,6
06/14/2017,145,2017,6,14,40,105,51,16,36,19,19,1,0,1,2
06/15/2017,141,2017,6,15,37,104,54,10,34,19,21,1,0,1,1
06/16/2017,144,2017,6,16,36,108,59,18,36,18,13,0,0,0,0
06/17/2017,165,2017,6,17,56,109,49,16,52,28,16,2,0,0,2
06/18/2017,158,2017,6,18,64,94,32,22,59,26,14,1,1,0,3
06/19/2017,155,2017,6,19,64,91,46,6,60,26,13,1,0,1,2
06/20/2017,127,2017,6,20,32,95,47,20,28,20,8,1,1,2,0
06/21/2017,158,2017,6,21,48,110,42,20,46,31,17,0,1,1,0
06/22/2017,125,2017,6,22,47,78,37,12,43,14,15,0,0,2,2
06/23/2017,179,2017,6,23,60,119,54,17,49,23,25,6,2,0,3
06/24/2017,157,2017,6,24,59,98,40,20,55,22,16,0,0,0,4
06/25/2017,149,2017,6,25,54,95,55,15,47,12,13,1,2,1,3
06/26/2017,171,2017,6,26,51,120,49,19,46,26,26,3,0,2,0
06/27/2017,161,2017,6,27,45,116,42,15,43,30,29,0,1,0,1
06/28/2017,150,2017,6,28,33,117,54,15,31,24,24,0,1,1,0
06/29/2017,147,2017,6,29,59,88,42,14,44,16,16,3,2,3,7
06/30/2017,173,2017,6,30,39,134,66,19,29,32,17,2,0,3,5
07/01/2017,148,2017,7,1,51,97,48,17,43,18,14,1,2,3,2
07/02/2017,128,2017,7,2,43,85,42,11,41,16,16,0,1,1,0
07/03/2017,127,2017,7,3,35,92,41,18,27,18,15,1,3,2,2
07/04/2017,139,2017,7,4,61,78,43,12,54,10,13,6,0,1,0
07/05/2017,150,2017,7,5,56,94,42,10,48,24,18,0,4,2,2
07/06/2017,142,2017,7,6,35,107,48,22,28,24,13,1,2,1,3
07/07/2017,157,2017,7,7,59,98,49,14,53,17,18,0,1,0,5
07/08/2017,109,2017,7,8,43,66,21,21,37,16,8,0,0,2,4
07/09/2017,128,2017,7,9,36,92,41,9,34,24,18,2,0,0,0
07/10/2017,157,2017,7,10,39,118,66,10,36,18,24,1,0,0,2
07/11/2017,151,2017,7,11,37,114,67,16,35,18,13,0,0,1,1
07/12/2017,163,2017,7,12,48,115,63,7,43,17,28,1,1,1,2
07/13/2017,161,2017,7,13,56,105,61,11,49,19,14,1,1,1,4
07/14/2017,182,2017,7,14,50,132,73,13,39,25,21,0,2,3,6
07/15/2017,152,2017,7,15,45,107,47,14,37,21,25,5,0,0,3
07/16/2017,139,2017,7,16,56,83,46,13,51,9,15,0,0,1,4
07/17/2017,155,2017,7,17,47,108,38,16,44,26,28,0,1,0,2
07/18/2017,142,2017,7,18,36,106,40,15,31,26,25,0,1,0,4
07/19/2017,162,2017,7,19,41,121,54,13,34,28,26,0,1,3,3
07/20/2017,151,2017,7,20,54,97,45,11,50,29,12,1,0,1,2
07/21/2017,166,2017,7,21,47,119,58,11,40,27,23,0,2,1,4
07/22/2017,141,2017,7,22,55,86,37,16,50,16,17,0,1,1,3
07/23/2017,173,2017,7,23,64,109,42,14,58,27,26,2,1,0,3
07/24/2017,159,2017,7,24,41,118,63,15,34,19,21,0,2,2,3
07/25/2017,175,2017,7,25,47,128,68,7,38,31,22,3,3,1,2
07/26/2017,130,2017,7,26,31,99,49,12,28,20,18,0,1,0,2
07/27/2017,139,2017,7,27,45,94,51,16,43,18,9,0,1,0,1
07/28/2017,145,2017,7,28,33,112,48,13,29,37,14,0,1,1,2
07/29/2017,148,2017,7,29,52,96,51,11,44,20,14,2,1,3,2
07/30/2017,154,2017,7,30,56,98,47,8,48,24,19,1,1,3,3
07/31/2017,157,2017,7,31,40,117,58,12,38,34,13,0,0,2,0
08/01/2017,158,2017,8,1,48,110,53,10,43,28,19,0,2,3,0
08/02/2017,150,2017,8,2,44,106,54,13,36,25,14,2,2,0,4
08/03/2017,168,2017,8,3,48,120,53,16,44,26,25,0,0,1,3
08/04/2017,130,2017,8,4,24,106,62,8,23,21,15,1,0,0,0
08/05/2017,138,2017,8,5,47,91,54,9,44,16,12,0,2,0,1
08/06/2017,157,2017,8,6,60,97,53,10,53,22,12,1,0,3,3
08/07/2017,132,2017,8,7,33,99,50,10,28,25,14,0,1,2,2
08/08/2017,144,2017,8,8,42,102,60,8,32,22,12,1,2,5,2
08/09/2017,146,2017,8,9,49,97,47,13,45,17,20,1,0,2,1
08/10/2017,155,2017,8,10,47,108,53,13,41,28,14,0,1,1,4
08/11/2017,145,2017,8,11,48,97,58,8,41,19,12,1,3,1,2
08/12/2017,164,2017,8,12,43,121,78,10,42,19,14,0,1,0,0
08/13/2017,177,2017,8,13,63,114,63,14,57,12,25,1,0,2,3
08/14/2017,168,2017,8,14,49,119,55,13,40,26,25,1,1,1,6
08/15/2017,150,2017,8,15,47,103,57,8,43,23,15,0,0,0,4
08/16/2017,160,2017,8,16,47,113,55,8,44,31,19,0,1,1,1
08/17/2017,153,2017,8,17,43,110,40,14,38,42,14,0,2,1,2
08/18/2017,128,2017,8,18,29,99,50,10,28,30,9,0,0,1,0
08/19/2017,134,2017,8,19,38,96,33,16,29,28,19,3,2,3,1
08/20/2017,138,2017,8,20,45,93,35,10,42,20,28,2,0,1,0
08/21/2017,161,2017,8,21,49,112,52,11,39,29,20,0,1,1,8
08/22/2017,177,2017,8,22,57,120,59,16,51,26,19,1,2,2,1
08/23/2017,143,2017,8,23,40,103,46,12,35,30,15,0,0,1,4
08/24/2017,146,2017,8,24,41,105,48,12,33,29,16,2,0,2,4
08/25/2017,161,2017,8,25,46,115,63,16,41,24,12,0,2,1,2
08/26/2017,162,2017,8,26,49,113,54,13,42,19,27,3,1,1,2
08/27/2017,170,2017,8,27,51,119,48,17,46,34,20,1,0,0,4
08/28/2017,128,2017,8,28,41,87,46,7,34,17,17,1,1,3,2
08/29/2017,128,2017,8,29,39,89,39,12,35,19,19,1,0,1,2
08/30/2017,143,2017,8,30,42,101,47,13,32,24,17,4,4,0,2
08/31/2017,154,2017,8,31,32,122,64,8,30,26,24,0,0,1,1
09/01/2017,142,2017,9,1,41,101,44,11,35,30,16,2,0,3,1
09/02/2017,123,2017,9,2,47,76,40,8,39,17,11,2,2,2,2
09/03/2017,126,2017,9,3,47,79,34,17,45,15,13,0,0,0,2
09/04/2017,143,2017,9,4,44,99,42,13,38,28,16,0,4,1,1
09/05/2017,124,2017,9,5,38,86,36,11,35,22,17,0,1,0,2
09/06/2017,114,2017,9,6,31,83,43,8,29,20,12,1,1,0,0
09/07/2017,130,2017,9,7,36,94,49,13,34,14,18,0,0,1,1
09/08/2017,149,2017,9,8,38,111,63,11,35,21,16,0,1,1,1
09/09/2017,144,2017,9,9,45,99,46,13,39,23,17,1,0,1,4
09/10/2017,137,2017,9,10,50,87,30,15,47,25,17,1,0,2,0
09/11/2017,157,2017,9,11,42,115,59,9,33,29,18,3,1,3,2
09/12/2017,131,2017,9,12,41,90,40,12,35,24,14,0,0,0,6
09/13/2017,138,2017,9,13,41,97,47,9,33,19,22,3,2,2,1
09/14/2017,135,2017,9,14,25,110,56,9,24,26,19,0,0,1,0
09/15/2017,162,2017,9,15,45,117,49,23,42,23,22,0,0,0,3
09/16/2017,149,2017,9,16,62,87,41,7,57,14,25,0,1,0,4
09/17/2017,151,2017,9,17,54,97,51,11,52,15,20,0,1,0,1
09/18/2017,173,2017,9,18,40,133,53,18,34,33,29,1,0,2,3
09/19/2017,151,2017,9,19,52,99,48,12,50,22,17,0,1,0,1
09/20/2017,145,2017,9,20,38,107,50,8,35,32,17,0,1,0,2
09/21/2017,149,2017,9,21,42,107,51,15,40,19,22,0,1,0,1
09/22/2017,173,2017,9,22,49,124,53,16,45,33,22,1,1,0,2
09/23/2017,171,2017,9,23,52,119,57,15,47,21,26,0,3,2,0
09/24/2017,157,2017,9,24,65,92,45,12,53,23,12,3,0,1,8
09/25/2017,167,2017,9,25,50,117,63,10,42,27,17,2,3,0,3
09/26/2017,172,2017,9,26,57,115,54,12,48,26,23,0,4,0,5
09/27/2017,160,2017,9,27,47,113,53,10,41,30,20,1,1,1,3
09/28/2017,151,2017,9,28,40,111,61,6,40,28,16,0,0,0,0
09/29/2017,148,2017,9,29,51,97,51,12,47,24,10,0,1,0,3
09/30/2017,141,2017,9,30,48,93,40,9,43,24,20,1,1,1,2
10/01/2017,153,2017,10,1,54,99,53,11,48,16,19,0,2,2,2
10/02/2017,134,2017,10,2,41,93,50,7,35,24,12,1,3,1,1
10/03/2017,151,2017,10,3,52,99,50,11,41,22,16,1,1,2,7
10/04/2017,158,2017,10,4,38,120,66,14,33,20,20,2,1,0,2
10/05/2017,180,2017,10,5,58,122,46,13,50,49,14,1,1,0,6
10/06/2017,156,2017,10,6,57,99,45,8,54,33,13,0,0,1,2
10/07/2017,159,2017,10,7,66,93,41,15,61,20,17,1,1,0,3
10/08/2017,138,2017,10,8,46,92,40,15,45,20,17,0,0,1,0
10/09/2017,173,2017,10,9,55,118,49,15,50,33,21,0,0,1,4
10/10/2017,173,2017,10,10,60,113,57,16,55,28,12,0,1,0,4
10/11/2017,152,2017,10,11,40,112,54,7,37,28,23,0,0,1,2
10/12/2017,147,2017,10,12,38,109,46,11,34,29,23,1,0,2,1
10/13/2017,178,2017,10,13,51,127,65,7,46,37,18,1,3,0,1
10/14/2017,146,2017,10,14,47,99,51,10,38,17,21,0,0,3,6
10/15/2017,151,2017,10,15,57,94,43,12,49,17,22,1,2,1,4
10/16/2017,153,2017,10,16,27,126,58,11,24,31,26,0,0,0,3
10/17/2017,143,2017,10,17,42,101,44,8,33,25,24,1,1,2,5
10/18/2017,163,2017,10,18,44,119,51,9,38,31,28,2,1,3,0
10/19/2017,129,2017,10,19,35,94,49,12,32,19,14,0,1,1,1
10/20/2017,151,2017,10,20,41,110,54,8,35,37,11,0,1,1,4
10/21/2017,155,2017,10,21,47,108,48,16,43,30,14,0,0,2,2
10/22/2017,151,2017,10,22,48,103,51,11,43,20,21,1,0,1,3
10/23/2017,156,2017,10,23,50,106,52,10,48,23,21,0,0,0,2
10/24/2017,139,2017,10,24,39,100,52,16,36,21,11,0,2,0,1
10/25/2017,201,2017,10,25,48,153,63,18,42,39,33,0,0,0,6
10/26/2017,143,2017,10,26,36,107,52,16,32,26,13,0,1,1,2
10/27/2017,139,2017,10,27,46,93,59,9,43,16,9,0,1,1,1
10/28/2017,135,2017,10,28,43,92,43,17,39,17,15,0,2,0,2
10/29/2017,164,2017,10,29,55,109,57,13,52,24,15,0,1,0,2
10/30/2017,128,2017,10,30,49,79,41,6,44,17,15,0,1,0,4
10/31/2017,177,2017,10,31,47,130,62,12,40,25,31,0,2,2,3
11/01/2017,135,2017,11,1,35,100,46,11,34,22,21,0,0,1,0
11/02/2017,128,2017,11,2,39,89,39,15,36,21,14,0,3,0,0
11/03/2017,144,2017,11,3,47,97,67,7,41,14,9,1,1,3,1
11/04/2017,144,2017,11,4,57,87,34,20,51,17,16,1,1,2,2
11/05/2017,126,2017,11,5,39,87,50,13,36,17,7,1,0,2,0
11/06/2017,145,2017,11,6,27,118,63,13,24,25,17,0,1,0,2
11/07/2017,128,2017,11,7,30,98,44,14,26,22,18,2,0,1,1
11/08/2017,152,2017,11,8,45,107,53,15,42,27,12,1,0,1,1
11/09/2017,130,2017,11,9,38,92,45,12,36,21,14,1,0,0,1
11/10/2017,138,2017,11,10,46,92,42,7,43,27,16,2,0,1,0
11/11/2017,122,2017,11,11,28,94,39,15,26,22,18,0,0,1,1
11/12/2017,127,2017,11,12,35,92,54,16,32,9,13,0,2,1,0
11/13/2017,155,2017,11,13,52,103,55,14,47,23,11,0,0,0,5
11/14/2017,152,2017,11,14,50,102,53,13,42,19,17,2,3,0,3
11/15/2017,131,2017,11,15,34,97,46,11,32,19,21,0,0,1,1
11/16/2017,151,2017,11,16,51,100,49,8,49,22,21,0,1,0,1
11/17/2017,137,2017,11,17,50,87,41,16,47,16,14,2,0,1,0
11/18/2017,137,2017,11,18,39,98,45,15,38,20,18,0,0,0,1
11/19/2017,117,2017,11,19,30,87,41,12,30,14,20,0,0,0,0
11/20/2017,148,2017,11,20,47,101,49,13,41,17,22,2,0,0,4
11/21/2017,132,2017,11,21,36,96,35,14,29,25,22,1,1,0,5
11/22/2017,147,2017,11,22,30,117,47,18,29,38,14,0,0,0,1
11/23/2017,97,2017,11,23,32,65,27,7,31,20,11,0,0,0,1
11/24/2017,166,2017,11,24,44,122,56,15,40,24,27,0,2,0,2
11/25/2017,113,2017,11,25,34,79,38,12,30,18,11,1,2,1,0
11/26/2017,155,2017,11,26,43,112,54,20,42,20,18,0,0,0,1
11/27/2017,175,2017,11,27,41,134,54,16,38,34,30,1,0,1,1
11/28/2017,149,2017,11,28,46,103,41,12,40,36,14,0,3,1,2
11/29/2017,174,2017,11,29,40,134,59,15,37,30,30,0,0,1,2
11/30/2017,136,2017,11,30,38,98,48,9,35,23,18,0,3,0,0
12/01/2017,154,2017,12,1,41,113,60,15,30,21,17,1,0,6,4
12/02/2017,118,2017,12,2,33,85,45,12,30,15,13,0,1,2,0
12/03/2017,111,2017,12,3,34,77,36,11,29,14,16,0,1,0,4
12/04/2017,148,2017,12,4,36,112,46,9,32,35,22,1,0,1,2
12/05/2017,125,2017,12,5,27,98,39,16,24,19,24,0,0,1,2
12/06/2017,150,2017,12,6,39,111,50,12,34,24,25,1,1,0,3
12/07/2017,148,2017,12,7,40,108,45,16,36,28,19,0,1,1,2
12/08/2017,155,2017,12,8,33,122,67,15,32,24,16,0,0,0,1
12/09/2017,122,2017,12,9,31,91,43,11,26,15,22,1,1,2,1
12/10/2017,125,2017,12,10,41,84,54,13,36,6,11,0,1,2,2
12/11/2017,152,2017,12,11,39,113,46,12,35,27,28,1,0,2,1
12/12/2017,161,2017,12,12,42,119,52,17,38,30,20,0,1,1,2
12/13/2017,139,2017,12,13,30,109,42,18,28,25,24,0,0,1,1
12/14/2017,125,2017,12,14,39,86,43,10,32,22,11,0,1,1,5
12/15/2017,111,2017,12,15,36,75,32,12,29,21,10,0,2,0,5
12/16/2017,106,2017,12,16,24,82,36,17,23,18,11,0,0,0,1
12/17/2017,149,2017,12,17,60,89,41,20,56,16,12,1,0,1,2
12/18/2017,163,2017,12,18,46,117,48,15,44,31,23,0,1,1,0
12/19/2017,131,2017,12,19,26,105,36,17,24,26,26,0,1,0,1
12/20/2017,151,2017,12,20,37,114,51,13,36,29,21,0,1,0,0
12/21/2017,155,2017,12,21,39,116,58,10,34,22,26,1,0,2,2
12/22/2017,158,2017,12,22,39,119,56,8,34,39,16,0,0,1,4
12/23/2017,130,2017,12,23,47,83,45,13,43,12,13,1,2,0,1
12/24/2017,125,2017,12,24,44,81,38,10,40,21,12,3,1,0,0
12/25/2017,106,2017,12,25,35,71,26,11,31,22,12,0,0,2,2
12/26/2017,115,2017,12,26,27,88,41,18,22,17,12,0,2,1,2
12/27/2017,125,2017,12,27,34,91,38,21,32,16,16,0,1,0,1
12/28/2017,89,2017,12,28,12,77,35,16,10,12,14,0,1,0,1
12/29/2017,121,2017,12,29,36,85,39,17,35,11,18,0,0,0,1
12/30/2017,98,2017,12,30,36,62,25,13,32,16,8,0,0,1,3
12/31/2017,86,2017,12,31,30,56,23,16,29,8,9,1,0,0,0
01/01/2018,124,2018,1,1,52,72,37,10,41,16,9,2,2,5,2
01/02/2018,119,2018,1,2,33,86,27,20,31,17,22,0,1,0,1
01/03/2018,125,2018,1,3,33,92,36,23,31,14,19,0,1,1,0
01/04/2018,80,2018,1,4,26,54,21,8,25,10,15,0,0,0,1
01/05/2018,101,2018,1,5,28,73,29,14,26,22,8,1,0,1,0
01/06/2018,94,2018,1,6,30,64,19,14,26,13,18,0,1,0,3
01/07/2018,102,2018,1,7,27,75,29,18,25,15,13,0,0,2,0
01/08/2018,119,2018,1,8,34,85,35,22,31,16,12,0,1,1,1
01/09/2018,134,2018,1,9,20,114,47,20,18,19,28,2,0,0,0
01/10/2018,138,2018,1,10,42,96,43,22,40,14,17,0,2,0,0
01/11/2018,148,2018,1,11,38,110,41,22,32,29,18,0,1,0,5
01/12/2018,137,2018,1,12,40,97,40,16,34,27,14,1,2,2,1
01/13/2018,123,2018,1,13,48,75,33,8,44,20,14,0,0,1,3
01/14/2018,96,2018,1,14,34,62,29,13,34,9,11,0,0,0,0
01/15/2018,122,2018,1,15,41,81,36,13,36,11,21,0,0,4,1
01/16/2018,125,2018,1,16,31,94,32,21,28,16,25,0,0,2,1
01/17/2018,96,2018,1,17,21,75,31,9,20,20,15,0,0,0,1
01/18/2018,127,2018,1,18,27,100,42,14,24,17,27,1,0,2,0
01/19/2018,135,2018,1,19,38,97,46,17,33,26,8,1,1,2,1
01/20/2018,134,2018,1,20,47,87,45,8,43,13,21,0,2,1,1
01/21/2018,122,2018,1,21,49,73,37,5,44,15,16,0,2,1,2
01/22/2018,135,2018,1,22,40,95,40,7,38,24,24,0,1,1,0
01/23/2018,112,2018,1,23,31,81,40,11,28,20,10,0,2,0,1
01/24/2018,139,2018,1,24,34,105,51,17,32,21,16,0,1,0,1
01/25/2018,130,2018,1,25,43,87,44,8,39,27,8,1,1,2,0
01/26/2018,112,2018,1,26,29,83,45,17,27,10,11,1,1,0,0
01/27/2018,129,2018,1,27,43,86,39,15,39,15,17,0,1,3,0
01/28/2018,127,2018,1,28,45,82,35,17,41,16,14,0,2,0,2
01/29/2018,124,2018,1,29,38,86,31,13,31,26,16,2,0,2,3
01/30/2018,126,2018,1,30,48,78,41,12,42,13,12,0,1,0,5
01/31/2018,119,2018,1,31,36,83,22,19,32,22,20,0,1,2,1
02/01/2018,131,2018,2,1,30,101,47,12,28,23,19,0,0,2,0
02/02/2018,121,2018,2,2,35,86,40,17,28,14,15,2,0,4,1
02/03/2018,104,2018,2,3,42,62,34,11,39,13,4,1,1,1,0
02/04/2018,85,2018,2,4,30,55,27,12,26,6,10,1,0,2,1
02/05/2018,103,2018,2,5,33,70,34,12,32,11,13,1,0,0,0
02/06/2018,151,2018,2,6,52,99,39,18,48,22,20,0,0,2,2
02/07/2018,92,2018,2,7,23,69,36,7,21,11,15,1,0,0,1
02/08/2018,111,2018,2,8,33,78,34,9,32,15,20,1,0,0,0
02/09/2018,131,2018,2,9,34,97,43,21,33,19,14,0,0,1,0
02/10/2018,104,2018,2,10,32,72,40,12,28,11,9,0,0,1,3
02/11/2018,101,2018,2,11,29,72,37,7,29,13,15,0,0,0,0
02/12/2018,119,2018,2,12,26,93,41,12,23,17,23,0,0,3,0
02/13/2018,107,2018,2,13,26,81,35,18,23,18,10,0,2,1,0
02/14/2018,107,2018,2,14,35,72,44,10,34,12,6,1,0,0,0
02/15/2018,134,2018,2,15,41,93,52,10,36,21,10,0,1,3,1
02/16/2018,124,2018,2,16,34,90,46,9,30,20,15,2,0,2,0
02/17/2018,88,2018,2,17,30,58,32,4,26,14,8,0,1,3,0
02/18/2018,96,2018,2,18,22,74,44,11,19,7,12,0,0,2,1
02/19/2018,115,2018,2,19,37,78,49,10,32,14,5,0,1,0,4
02/20/2018,118,2018,2,20,38,80,39,7,37,23,11,0,0,1,0
02/21/2018,106,2018,2,21,38,68,42,2,33,13,11,0,3,1,1
02/22/2018,98,2018,2,22,35,63,25,9,35,15,14,0,0,0,0
02/23/2018,104,2018,2,23,28,76,38,10,28,19,9,0,0,0,0
02/24/2018,88,2018,2,24,28,60,28,13,27,14,5,1,0,0,0
02/25/2018,109,2018,2,25,43,66,39,5,38,10,12,0,2,1,2
02/26/2018,131,2018,2,26,44,87,44,5,39,23,15,1,2,0,2
02/27/2018,119,2018,2,27,27,92,45,12,22,21,14,0,2,1,2
02/28/2018,115,2018,2,28,34,81,36,13,30,18,14,1,0,1,2
03/01/2018,105,2018,3,1,24,81,41,13,17,15,12,3,0,4,0
03/02/2018,105,2018,3,2,31,74,40,4,27,15,15,1,0,2,1
03/03/2018,116,2018,3,3,39,77,34,9,38,12,22,0,0,1,0
03/04/2018,101,2018,3,4,35,66,35,8,34,11,12,0,1,0,0
03/05/2018,103,2018,3,5,38,65,34,7,35,13,11,0,1,1,1
03/06/2018,99,2018,3,6,40,59,28,9,38,15,7,0,0,1,1
03/07/2018,102,2018,3,7,39,63,39,9,34,11,4,0,0,1,4
03/08/2018,112,2018,3,8,38,74,35,9,36,18,12,0,1,0,1
03/09/2018,106,2018,3,9,32,74,37,7,28,19,11,0,1,1,2
03/10/2018,114,2018,3,10,37,77,32,14,33,14,17,0,1,1,2
03/11/2018,111,2018,3,11,50,61,29,6,45,13,13,2,0,2,1
03/12/2018,136,2018,3,12,52,84,43,12,42,10,19,2,0,0,8
03/13/2018,123,2018,3,13,53,70,36,8,48,18,8,0,1,2,2
03/14/2018,104,2018,3,14,34,70,42,5,33,10,13,0,0,0,1
03/15/2018,98,2018,3,15,33,65,40,7,33,10,8,0,0,0,0
03/16/2018,136,2018,3,16,51,85,44,11,47,21,9,0,1,2,1
03/17/2018,128,2018,3,17,42,86,42,17,41,13,14,1,0,0,0
03/18/2018,122,2018,3,18,61,61,37,4,54,13,7,0,1,0,6
03/19/2018,126,2018,3,19,41,85,39,11,36,20,15,1,1,3,0
03/20/2018,102,2018,3,20,26,76,38,15,21,12,11,0,1,0,4
03/21/2018,82,2018,3,21,32,50,19,7,30,13,11,0,1,0,1
03/22/2018,139,2018,3,22,32,107,41,14,32,22,30,0,0,0,0
03/23/2018,119,2018,3,23,34,85,48,13,30,11,13,1,0,1,2
03/24/2018,110,2018,3,24,38,72,32,12,35,10,18,0,0,0,3
03/25/2018,80,2018,3,25,27,53,25,8,23,9,11,0,1,2,1
03/26/2018,86,2018,3,26,31,55,30,12,29,5,8,0,0,2,0
03/27/2018,111,2018,3,27,38,73,31,10,34,15,17,0,0,0,4
03/28/2018,110,2018,3,28,36,74,42,7,31,14,11,0,3,2,0
03/29/2018,126,2018,3,29,40,86,39,11,36,22,14,1,0,1,2
03/30/2018,140,2018,3,30,48,92,30,18,42,23,21,0,0,2,4
03/31/2018,119,2018,3,31,50,69,33,8,47,13,15,0,2,1,0
04/01/2018,102,2018,4,1,39,63,38,10,36,6,9,0,0,1,2
04/02/2018,145,2018,4,2,51,94,49,18,47,17,10,0,3,0,1
04/03/2018,110,2018,4,3,39,71,40,6,36,14,11,1,0,0,2
04/04/2018,115,2018,4,4,46,69,34,7,42,17,11,0,2,1,1
04/05/2018,132,2018,4,5,37,95,49,11,34,16,19,0,2,1,0
04/06/2018,154,2018,4,6,57,97,43,22,53,21,11,0,0,4,0
04/07/2018,106,2018,4,7,43,63,39,8,35,7,9,2,3,1,2
04/08/2018,117,2018,4,8,54,63,31,8,51,10,14,1,0,1,1
04/09/2018,122,2018,4,9,35,87,43,7,34,18,19,0,0,1,0
04/10/2018,121,2018,4,10,45,76,43,12,43,11,10,0,0,0,2
04/11/2018,115,2018,4,11,36,79,37,9,33,24,9,1,0,1,1
04/12/2018,143,2018,4,12,51,92,50,7,45,21,14,0,3,1,2
04/13/2018,129,2018,4,13,47,82,52,6,38,10,14,0,1,1,7
04/14/2018,110,2018,4,14,40,70,29,10,36,14,17,1,2,0,1
04/15/2018,116,2018,4,15,44,72,34,10,40,18,10,1,1,2,0
04/16/2018,112,2018,4,16,33,79,45,8,28,17,9,1,2,1,1
04/17/2018,136,2018,4,17,60,76,32,12,54,16,16,1,1,1,3
04/18/2018,119,2018,4,18,41,78,48,10,36,9,11,0,3,0,2
04/19/2018,140,2018,4,19,46,94,53,12,42,15,14,0,1,0,3
04/20/2018,114,2018,4,20,35,79,46,11,32,8,14,0,2,0,1
04/21/2018,104,2018,4,21,45,59,25,12,42,13,9,1,1,0,1
04/22/2018,125,2018,4,22,52,73,28,13,46,20,12,0,1,0,5
04/23/2018,123,2018,4,23,44,79,47,7,39,10,15,2,0,1,2
04/24/2018,150,2018,4,24,52,98,48,11,48,20,19,0,0,3,1
04/25/2018,125,2018,4,25,34,91,46,11,33,18,16,0,1,0,0
04/26/2018,140,2018,4,26,57,83,41,12,45,15,15,0,2,2,8
04/27/2018,160,2018,4,27,59,101,49,14,53,24,14,0,0,2,4
04/28/2018,121,2018,4,28,43,78,46,4,38,14,14,1,2,0,2
04/29/2018,132,2018,4,29,46,86,40,11,43,18,17,1,0,0,2
04/30/2018,139,2018,4,30,44,95,45,14,41,16,20,0,0,1,2
05/01/2018,135,2018,5,1,40,95,65,10,38,12,8,1,1,0,0
05/02/2018,122,2018,5,2,44,78,50,5,41,15,8,1,0,0,2
05/03/2018,122,2018,5,3,50,72,35,7,46,18,12,0,1,0,3
05/04/2018,131,2018,5,4,41,90,42,14,37,18,16,2,0,2,0
05/05/2018,128,2018,5,5,43,85,51,5,39,12,17,0,1,0,3
05/06/2018,117,2018,5,6,44,73,37,12,40,13,11,0,2,0,2
05/07/2018,133,2018,5,7,53,80,45,11,50,17,7,0,0,2,1
05/08/2018,126,2018,5,8,57,69,36,11,50,16,6,0,2,1,4
05/09/2018,107,2018,5,9,44,63,37,9,42,6,11,0,1,1,0
05/10/2018,161,2018,5,10,44,117,71,8,37,23,15,1,0,2,4
05/11/2018,157,2018,5,11,51,106,59,14,48,16,17,0,0,2,1
05/12/2018,138,2018,5,12,54,84,48,15,52,6,15,0,1,0,1
05/13/2018,113,2018,5,13,39,74,38,9,38,13,14,0,0,1,0
05/14/2018,151,2018,5,14,50,101,46,14,43,19,22,0,1,1,5
05/15/2018,160,2018,5,15,63,97,61,10,55,14,12,0,1,2,5
05/16/2018,142,2018,5,16,43,99,51,11,39,19,18,0,1,0,3
05/17/2018,121,2018,5,17,39,82,46,4,37,14,18,0,0,1,1
05/18/2018,146,2018,5,18,42,104,52,5,41,20,27,1,0,0,0
05/19/2018,119,2018,5,19,49,70,35,10,46,12,13,1,1,0,1
05/20/2018,132,2018,5,20,48,84,45,11,45,16,12,0,1,2,0
05/21/2018,136,2018,5,21,43,93,52,11,42,17,13,0,0,0,1
05/22/2018,133,2018,5,22,44,89,55,10,40,12,12,0,2,1,1
05/23/2018,171,2018,5,23,60,111,71,7,56,21,12,0,1,0,3
05/24/2018,159,2018,5,24,42,117,66,9,40,25,17,0,1,0,1
05/25/2018,141,2018,5,25,42,99,61,9,36,20,9,0,0,4,2
05/26/2018,113,2018,5,26,46,67,36,10,42,10,11,0,0,1,3
05/27/2018,107,2018,5,27,37,70,37,12,31,11,10,2,0,1,3
05/28/2018,132,2018,5,28,53,79,45,4,47,14,16,0,0,1,5
05/29/2018,171,2018,5,29,57,114,57,11,52,22,24,1,1,1,2
05/30/2018,148,2018,5,30,50,98,53,12,47,17,16,0,0,2,1
05/31/2018,122,2018,5,31,35,87,53,5,34,17,12,0,0,1,0
06/01/2018,146,2018,6,1,43,103,60,14,35,16,13,0,2,6,0
06/02/2018,135,2018,6,2,47,88,45,8,45,21,14,0,1,1,0
06/03/2018,120,2018,6,3,34,86,45,8,32,11,22,0,1,0,1
06/04/2018,129,2018,6,4,46,83,47,8,42,15,13,1,0,0,3
06/05/2018,153,2018,6,5,43,110,53,9,41,26,22,1,0,0,1
06/06/2018,148,2018,6,6,64,84,43,9,59,20,12,1,0,1,3
06/07/2018,137,2018,6,7,50,87,47,9,46,19,12,1,0,2,1
06/08/2018,153,2018,6,8,48,105,63,10,45,23,9,0,0,0,3
06/09/2018,143,2018,6,9,59,84,48,8,53,15,13,0,1,2,3
06/10/2018,131,2018,6,10,52,79,40,13,45,14,12,0,1,1,5
06/11/2018,130,2018,6,11,37,93,58,12,31,12,11,0,2,2,2
06/12/2018,145,2018,6,12,53,92,58,13,46,8,13,2,2,2,1
06/13/2018,145,2018,6,13,48,97,61,3,44,20,13,0,1,2,1
06/14/2018,126,2018,6,14,45,81,38,17,42,17,9,1,1,1,0
06/15/2018,147,2018,6,15,46,101,58,5,44,20,18,0,0,2,0
06/16/2018,141,2018,6,16,54,87,48,16,43,10,13,0,4,2,5
06/17/2018,122,2018,6,17,41,81,39,13,34,10,19,2,1,2,2
06/18/2018,125,2018,6,18,40,85,58,8,39,11,8,0,1,0,0
06/19/2018,131,2018,6,19,35,96,55,11,32,20,10,0,1,1,1
06/20/2018,142,2018,6,20,48,94,55,8,41,18,13,0,4,1,2
06/21/2018,158,2018,6,21,44,114,56,15,41,20,23,0,0,2,1
06/22/2018,128,2018,6,22,37,91,48,12,35,14,17,0,0,1,1
06/23/2018,119,2018,6,23,25,94,43,10,25,18,23,0,0,0,0
06/24/2018,134,2018,6,24,42,92,47,10,40,19,16,0,0,0,2
06/25/2018,135,2018,6,25,40,95,52,7,36,27,9,0,0,1,3
06/26/2018,123,2018,6,26,35,88,50,11,33,19,8,0,0,0,2
06/27/2018,121,2018,6,27,35,86,49,10,31,13,14,0,0,3,1
06/28/2018,124,2018,6,28,43,81,51,7,39,18,5,0,0,3,1
06/29/2018,133,2018,6,29,37,96,64,10,37,19,3,0,0,0,0
06/30/2018,135,2018,6,30,70,65,34,11,57,9,11,0,0,2,11
07/01/2018,131,2018,7,1,51,80,44,9,46,15,12,0,1,3,1
07/02/2018,123,2018,7,2,33,90,42,12,31,18,18,0,0,2,0
07/03/2018,116,2018,7,3,36,80,52,5,32,13,10,0,1,2,1
07/04/2018,130,2018,7,4,49,81,35,11,44,22,13,3,1,0,1
07/05/2018,142,2018,7,5,41,101,59,13,38,15,14,0,2,1,0
07/06/2018,122,2018,7,6,38,84,44,14,33,16,10,0,1,2,2
07/07/2018,134,2018,7,7,42,92,44,10,37,31,7,0,1,0,4
07/08/2018,126,2018,7,8,41,85,40,14,39,16,15,0,1,0,1
07/09/2018,141,2018,7,9,38,103,47,16,33,23,17,0,3,0,2
07/10/2018,121,2018,7,10,30,91,49,9,25,19,14,0,3,1,1
07/11/2018,107,2018,7,11,40,67,37,6,36,11,13,0,0,2,2
07/12/2018,150,2018,7,12,40,110,63,11,39,22,14,0,0,1,0
07/13/2018,126,2018,7,13,43,83,47,5,43,17,14,0,0,0,0
07/14/2018,139,2018,7,14,48,91,45,15,45,17,14,0,0,2,1
07/15/2018,140,2018,7,15,53,87,44,11,49,13,19,0,2,1,1
07/16/2018,141,2018,7,16,41,100,55,15,36,18,12,0,1,2,2
07/17/2018,133,2018,7,17,42,91,47,20,39,11,13,0,0,1,2
07/18/2018,168,2018,7,18,46,122,62,11,40,23,26,1,1,1,3
07/19/2018,143,2018,7,19,42,101,50,13,38,22,16,0,2,1,1
07/20/2018,137,2018,7,20,49,88,42,10,44,25,11,0,2,0,3
07/21/2018,143,2018,7,21,55,88,43,11,42,16,18,0,3,2,8
07/22/2018,129,2018,7,22,43,86,43,12,40,21,10,0,1,1,1
07/23/2018,157,2018,7,23,40,117,58,16,36,21,22,2,0,0,2
07/24/2018,131,2018,7,24,39,92,51,9,34,17,15,0,0,2,3
07/25/2018,160,2018,7,25,49,111,57,9,45,36,9,0,1,1,2
07/26/2018,167,2018,7,26,43,124,65,8,41,23,28,0,0,1,1
07/27/2018,163,2018,7,27,58,105,57,12,55,22,14,1,0,0,2
07/28/2018,114,2018,7,28,43,71,36,9,41,18,8,1,0,0,1
07/29/2018,147,2018,7,29,47,100,56,16,44,16,12,0,1,0,2
07/30/2018,180,2018,7,30,65,115,52,19,61,23,21,1,0,1,2
07/31/2018,136,2018,7,31,30,106,55,13,27,21,17,0,2,0,1
08/01/2018,140,2018,8,1,42,98,46,6,38,29,17,0,3,0,1
08/02/2018,137,2018,8,2,37,100,49,18,37,13,20,0,0,0,0
08/03/2018,160,2018,8,3,55,105,45,13,51,25,22,1,1,0,2
08/04/2018,126,2018,8,4,49,77,40,11,47,11,15,0,0,1,1
08/05/2018,142,2018,8,5,50,92,42,17,49,12,21,0,1,0,0
08/06/2018,148,2018,8,6,54,94,48,14,48,20,12,0,1,4,1
08/07/2018,138,2018,8,7,41,97,49,16,35,18,14,0,3,0,3
08/08/2018,141,2018,8,8,46,95,48,11,38,19,17,0,1,1,6
08/09/2018,152,2018,8,9,55,97,50,16,44,16,15,1,3,2,5
08/10/2018,156,2018,8,10,57,99,57,14,54,20,8,0,0,1,2
08/11/2018,175,2018,8,11,64,111,55,12,53,11,33,0,1,4,6
08/12/2018,150,2018,8,12,53,97,49,12,47,18,18,2,0,2,2
08/13/2018,136,2018,8,13,40,96,54,12,35,14,16,0,0,0,5
08/14/2018,151,2018,8,14,42,109,56,9,34,22,22,1,1,1,5
08/15/2018,153,2018,8,15,36,117,64,12,33,20,21,1,2,0,0
08/16/2018,149,2018,8,16,42,107,59,15,40,21,12,0,1,0,1
08/17/2018,162,2018,8,17,55,107,47,17,54,30,13,0,1,0,0
08/18/2018,134,2018,8,18,54,80,49,5,42,15,11,0,2,3,7
08/19/2018,157,2018,8,19,54,103,55,12,48,18,18,1,0,1,4
08/20/2018,161,2018,8,20,59,102,54,18,53,22,8,0,1,1,4
08/21/2018,140,2018,8,21,44,96,50,17,42,23,6,0,1,0,1
08/22/2018,145,2018,8,22,42,103,66,7,34,17,13,0,3,1,4
08/23/2018,148,2018,8,23,45,103,59,14,38,15,15,0,0,0,7
08/24/2018,139,2018,8,24,40,99,55,13,39,19,12,0,0,0,1
08/25/2018,155,2018,8,25,54,101,41,16,46,24,20,0,1,2,5
08/26/2018,139,2018,8,26,46,93,50,12,41,15,16,0,0,0,5
08/27/2018,153,2018,8,27,49,104,55,13,44,13,23,0,0,2,3
08/28/2018,137,2018,8,28,55,82,44,13,46,11,14,2,1,0,6
08/29/2018,132,2018,8,29,40,92,59,11,39,16,6,0,0,0,1
08/30/2018,131,2018,8,30,43,88,53,8,36,10,17,1,2,0,4
08/31/2018,147,2018,8,31,39,108,63,12,38,20,13,0,0,0,1
09/01/2018,143,2018,9,1,49,94,54,8,40,17,15,2,1,3,3
09/02/2018,121,2018,9,2,49,72,40,8,43,16,8,0,0,4,2
09/03/2018,126,2018,9,3,39,87,50,15,32,13,9,1,3,1,2
09/04/2018,146,2018,9,4,48,98,71,4,42,16,7,0,2,0,4
09/05/2018,135,2018,9,5,38,97,54,7,37,15,21,1,0,0,0
09/06/2018,133,2018,9,6,35,98,57,11,33,19,11,0,0,1,1
09/07/2018,155,2018,9,7,52,103,53,10,48,26,14,0,0,2,2
09/08/2018,106,2018,9,8,34,72,39,7,33,17,9,0,0,0,1
09/09/2018,109,2018,9,9,31,78,36,18,29,11,13,0,0,0,2
09/10/2018,156,2018,9,10,45,111,54,19,42,24,14,0,0,2,1
09/11/2018,138,2018,9,11,40,98,54,6,38,20,18,0,1,0,1
09/12/2018,133,2018,9,12,33,100,54,13,31,18,15,1,0,1,0
09/13/2018,165,2018,9,13,36,129,70,11,34,19,29,0,0,1,1
09/14/2018,144,2018,9,14,47,97,48,9,41,18,22,0,3,0,3
09/15/2018,150,2018,9,15,50,100,44,21,46,15,20,0,1,1,2
09/16/2018,138,2018,9,16,56,82,42,9,49,11,20,2,0,1,4
09/17/2018,133,2018,9,17,47,86,36,11,40,19,20,0,2,2,3
09/18/2018,159,2018,9,18,43,116,66,18,36,20,12,0,3,0,4
09/19/2018,150,2018,9,19,42,108,64,17,36,12,15,0,1,1,4
09/20/2018,142,2018,9,20,38,104,51,11,33,23,19,0,1,0,4
09/21/2018,138,2018,9,21,38,100,51,14,34,24,11,0,0,2,2
09/22/2018,141,2018,9,22,54,87,49,9,49,14,15,0,1,1,3
09/23/2018,121,2018,9,23,38,83,32,13,35,14,24,0,0,2,1
09/24/2018,151,2018,9,24,42,109,67,10,39,9,23,0,2,1,0
09/25/2018,156,2018,9,25,42,114,52,19,38,22,21,0,1,1,2
09/26/2018,128,2018,9,26,44,84,50,11,41,11,12,0,2,0,1
09/27/2018,150,2018,9,27,33,117,60,15,28,19,23,0,3,1,1
09/28/2018,135,2018,9,28,48,87,38,13,44,23,13,1,1,0,2
09/29/2018,141,2018,9,29,58,83,34,13,53,17,19,0,2,1,2
09/30/2018,153,2018,9,30,57,96,44,13,48,20,19,0,5,2,2
10/01/2018,150,2018,10,1,45,105,58,10,40,21,16,0,2,2,1
10/02/2018,177,2018,10,2,56,121,64,14,51,24,19,0,2,1,2
10/03/2018,150,2018,10,3,45,105,55,8,39,20,22,2,1,2,1
10/04/2018,152,2018,10,4,53,99,58,7,50,17,17,0,2,1,0
10/05/2018,144,2018,10,5,52,92,50,17,46,11,14,0,2,1,3
10/06/2018,150,2018,10,6,63,87,40,18,60,11,18,0,0,0,3
10/07/2018,127,2018,10,7,48,79,41,10,43,10,18,0,1,0,4
10/08/2018,153,2018,10,8,56,97,50,9,53,28,10,1,2,0,0
10/09/2018,146,2018,10,9,53,93,46,12,47,19,16,2,1,2,1
10/10/2018,183,2018,10,10,50,133,81,13,45,22,17,0,0,1,4
10/11/2018,154,2018,10,11,54,100,59,9,48,16,16,1,0,2,3
10/12/2018,150,2018,10,12,32,118,67,11,30,18,22,0,1,0,1
10/13/2018,118,2018,10,13,37,81,45,6,35,13,17,0,0,1,1
10/14/2018,150,2018,10,14,49,101,56,17,46,12,16,0,1,1,1
10/15/2018,169,2018,10,15,52,117,60,12,46,24,21,0,0,1,5
10/16/2018,151,2018,10,16,50,101,56,8,35,21,16,1,3,3,8
10/17/2018,161,2018,10,17,41,120,81,5,36,15,19,0,1,0,4
10/18/2018,134,2018,10,18,33,101,53,15,26,20,13,0,3,1,3
10/19/2018,162,2018,10,19,31,131,60,13,24,34,24,1,0,4,2
10/20/2018,151,2018,10,20,42,109,60,16,42,12,21,0,0,0,0
10/21/2018,125,2018,10,21,44,81,41,13,41,13,14,0,3,0,0
10/22/2018,125,2018,10,22,34,91,49,12,31,20,10,1,1,0,1
10/23/2018,150,2018,10,23,53,97,47,13,44,21,16,2,1,1,5
10/24/2018,131,2018,10,24,47,84,46,10,45,17,11,0,1,0,1
10/25/2018,116,2018,10,25,27,89,49,13,26,16,11,0,0,1,0
10/26/2018,147,2018,10,26,40,107,57,12,37,26,12,0,0,1,2
10/27/2018,133,2018,10,27,36,97,41,12,34,14,30,1,1,0,0
10/28/2018,142,2018,10,28,43,99,43,16,40,21,19,0,0,0,3
10/29/2018,162,2018,10,29,33,129,67,21,32,24,17,0,1,0,0
10/30/2018,138,2018,10,30,46,92,51,10,41,19,12,0,1,1,3
10/31/2018,157,2018,10,31,54,103,58,12,46,16,17,0,3,2,3
11/01/2018,154,2018,11,1,60,94,49,16,57,18,11,1,0,1,1
11/02/2018,148,2018,11,2,32,116,56,17,30,32,11,0,0,1,1
11/03/2018,130,2018,11,3,37,93,41,14,35,23,15,2,0,0,0
11/04/2018,155,2018,11,4,48,107,52,7,45,20,28,1,1,0,1
11/05/2018,121,2018,11,5,25,96,49,9,22,18,20,0,0,0,3
11/06/2018,141,2018,11,6,41,100,46,15,37,20,19,0,0,1,3
11/07/2018,171,2018,11,7,54,117,64,15,51,22,16,0,0,1,2
11/08/2018,153,2018,11,8,35,118,62,14,31,21,21,0,1,0,3
11/09/2018,147,2018,11,9,38,109,54,14,33,20,21,0,1,1,3
11/10/2018,136,2018,11,10,43,93,55,10,41,16,12,0,1,0,1
11/11/2018,120,2018,11,11,45,75,38,11,43,10,16,0,0,0,2
11/12/2018,114,2018,11,12,27,87,38,16,26,16,17,0,0,1,0
11/13/2018,134,2018,11,13,32,102,55,15,31,17,15,0,0,0,1
11/14/2018,138,2018,11,14,37,101,55,9,33,11,26,1,1,0,2
11/15/2018,133,2018,11,15,35,98,44,17,33,18,19,0,0,2,0
11/16/2018,148,2018,11,16,38,110,60,10,34,15,25,0,3,0,1
11/17/2018,141,2018,11,17,50,91,50,20,45,10,11,0,1,0,4
11/18/2018,149,2018,11,18,47,102,52,8,45,13,29,0,0,1,1
11/19/2018,177,2018,11,19,57,120,59,17,51,20,24,1,1,3,1
11/20/2018,136,2018,11,20,39,97,53,14,39,16,14,0,0,0,0
11/21/2018,147,2018,11,21,38,109,59,9,34,16,25,1,1,1,1
11/22/2018,117,2018,11,22,49,68,36,15,48,11,6,0,0,0,1
11/23/2018,129,2018,11,23,48,81,52,8,39,10,11,1,0,2,6
11/24/2018,111,2018,11,24,22,89,54,9,22,9,17,0,0,0,0
11/25/2018,134,2018,11,25,47,87,47,10,42,11,19,0,3,0,2
11/26/2018,126,2018,11,26,24,102,55,12,21,16,19,0,0,3,0
11/27/2018,147,2018,11,27,46,101,51,15,41,14,21,0,0,0,5
11/28/2018,131,2018,11,28,46,85,55,15,41,13,2,1,2,0,2
11/29/2018,151,2018,11,29,42,109,47,12,41,12,38,0,1,0,0
11/30/2018,128,2018,11,30,36,92,49,9,33,17,17,0,1,1,1
12/01/2018,155,2018,12,1,48,107,61,9,38,21,16,2,3,1,4
12/02/2018,133,2018,12,2,45,88,54,9,42,9,16,0,1,0,2
12/03/2018,132,2018,12,3,43,89,48,9,33,14,18,0,3,4,3
12/04/2018,151,2018,12,4,50,101,50,8,44,22,21,0,0,2,4
12/05/2018,157,2018,12,5,54,103,53,12,51,18,20,0,0,0,3
12/06/2018,126,2018,12,6,33,93,42,11,29,22,18,1,0,2,1
12/07/2018,155,2018,12,7,55,100,55,12,50,17,16,0,2,0,3
12/08/2018,114,2018,12,8,40,74,41,8,37,7,18,1,0,0,2
12/09/2018,119,2018,12,9,34,85,55,10,28,10,10,0,0,1,5
12/10/2018,140,2018,12,10,35,105,41,22,32,22,20,0,2,0,1
12/11/2018,160,2018,12,11,41,119,49,18,41,25,27,0,0,0,0
12/12/2018,145,2018,12,12,44,101,45,10,40,21,25,1,2,1,0
12/13/2018,150,2018,12,13,42,108,56,14,39,17,21,0,2,0,1
12/14/2018,140,2018,12,14,47,93,53,9,42,19,12,1,1,0,3
12/15/2018,148,2018,12,15,38,110,62,13,35,16,19,0,1,1,1
12/16/2018,114,2018,12,16,41,73,40,14,40,8,11,1,0,0,0
12/17/2018,144,2018,12,17,27,117,63,22,26,17,15,0,0,0,1
12/18/2018,185,2018,12,18,57,128,66,15,48,27,20,0,0,1,8
12/19/2018,139,2018,12,19,34,105,56,14,30,20,15,0,3,0,1
12/20/2018,212,2018,12,20,35,177,57,7,31,100,13,0,0,2,2
12/21/2018,156,2018,12,21,45,111,64,17,40,19,11,0,3,0,2
12/22/2018,109,2018,12,22,31,78,42,11,28,9,16,0,0,0,3
12/23/2018,119,2018,12,23,29,90,53,5,29,23,9,0,0,0,0
12/24/2018,139,2018,12,24,38,101,51,13,32,17,20,0,0,0,6
12/25/2018,97,2018,12,25,40,57,31,9,39,14,3,0,1,0,0
12/26/2018,99,2018,12,26,31,68,40,9,30,11,8,0,0,0,1
12/27/2018,130,2018,12,27,44,86,38,17,37,12,19,0,0,1,6
12/28/2018,156,2018,12,28,42,114,50,12,40,21,31,1,0,1,0
12/29/2018,129,2018,12,29,33,96,54,6,30,14,22,0,0,1,2
12/30/2018,120,2018,12,30,38,82,37,15,36,14,16,0,2,0,0
12/31/2018,135,2018,12,31,46,89,52,17,38,11,9,0,2,2,4
01/01/2019,146,2019,1,1,63,83,37,10,57,13,23,0,2,2,2
01/02/2019,128,2019,1,2,33,95,59,5,31,19,12,1,0,0,1
01/03/2019,126,2019,1,3,32,94,49,10,27,15,20,0,1,0,4
01/04/2019,136,2019,1,4,45,91,43,17,40,19,12,0,0,1,4
01/05/2019,141,2019,1,5,43,98,54,10,37,17,17,0,0,0,6
01/06/2019,118,2019,1,6,44,74,40,9,40,14,11,0,1,1,2
01/07/2019,139,2019,1,7,36,103,59,13,33,15,16,0,0,3,0
01/08/2019,151,2019,1,8,40,111,68,11,40,19,13,0,0,0,0
01/09/2019,156,2019,1,9,37,119,51,19,31,23,26,0,1,1,4
01/10/2019,125,2019,1,10,35,90,58,9,33,8,15,0,1,0,1
01/11/2019,151,2019,1,11,51,100,36,15,46,21,28,1,3,0,1
01/12/2019,109,2019,1,12,39,70,31,12,37,16,11,0,0,1,1
01/13/2019,82,2019,1,13,35,47,25,11,31,6,5,0,3,0,1
01/14/2019,117,2019,1,14,34,83,42,11,32,11,19,0,0,1,1
01/15/2019,145,2019,1,15,43,102,60,17,39,16,9,1,1,1,1
01/16/2019,142,2019,1,16,33,109,51,16,31,21,21,1,0,0,1
01/17/2019,99,2019,1,17,33,66,33,8,31,10,15,1,0,1,0
01/18/2019,124,2019,1,18,42,82,49,13,39,12,8,0,1,0,2
01/19/2019,92,2019,1,19,31,61,30,6,26,10,15,0,2,2,1
01/20/2019,106,2019,1,20,38,68,33,9,31,12,14,0,0,1,6
01/21/2019,96,2019,1,21,24,72,37,11,21,8,16,0,1,0,2
01/22/2019,107,2019,1,22,37,70,33,10,33,11,16,0,3,0,1
01/23/2019,113,2019,1,23,33,80,40,10,32,22,8,0,0,0,1
01/24/2019,136,2019,1,24,36,100,47,16,34,22,15,0,1,0,1
01/25/2019,97,2019,1,25,28,69,31,7,27,18,13,0,0,0,1
01/26/2019,97,2019,1,26,29,68,39,7,27,12,10,0,2,0,0
01/27/2019,98,2019,1,27,24,74,39,5,24,10,20,0,0,0,0
01/28/2019,116,2019,1,28,41,75,44,8,37,14,9,0,1,0,3
01/29/2019,116,2019,1,29,24,92,51,14,22,19,8,0,0,1,1
01/30/2019,103,2019,1,30,21,82,48,6,19,17,11,1,0,1,0
01/31/2019,101,2019,1,31,27,74,34,14,26,12,14,0,0,1,0
02/01/2019,91,2019,2,1,26,65,38,11,22,8,8,0,1,3,0
02/02/2019,101,2019,2,2,33,68,35,9,30,17,7,0,1,2,0
02/03/2019,115,2019,2,3,56,59,35,10,54,9,5,0,0,1,1
02/04/2019,117,2019,2,4,38,79,37,16,36,13,13,0,0,0,2
02/05/2019,133,2019,2,5,51,82,46,7,46,13,16,2,0,0,3
02/06/2019,147,2019,2,6,45,102,54,10,43,18,20,0,0,1,1
02/07/2019,142,2019,2,7,46,96,48,18,42,14,16,0,0,2,2
02/08/2019,141,2019,2,8,42,99,45,14,34,25,15,0,2,4,2
02/09/2019,104,2019,2,9,34,70,37,6,30,11,16,1,0,1,2
02/10/2019,93,2019,2,10,32,61,31,12,30,3,15,0,0,0,2
02/11/2019,103,2019,2,11,33,70,32,14,30,13,11,0,0,2,1
02/12/2019,87,2019,2,12,21,66,32,8,21,14,12,0,0,0,0
02/13/2019,119,2019,2,13,42,77,35,7,41,24,11,0,0,0,1
02/14/2019,116,2019,2,14,36,80,44,3,33,22,11,0,0,3,0
02/15/2019,119,2019,2,15,39,80,46,14,36,16,4,0,2,0,1
02/16/2019,97,2019,2,16,30,67,28,9,29,17,13,0,1,0,0
02/17/2019,107,2019,2,17,37,70,32,12,37,16,10,0,0,0,0
02/18/2019,104,2019,2,18,32,72,34,8,30,17,13,0,0,2,0
02/19/2019,126,2019,2,19,44,82,46,6,39,17,13,0,0,0,5
02/20/2019,84,2019,2,20,19,65,36,12,18,10,7,0,0,0,1
02/21/2019,129,2019,2,21,52,77,43,5,39,19,10,0,4,1,8
02/22/2019,99,2019,2,22,27,72,42,9,22,12,9,0,3,0,2
02/23/2019,114,2019,2,23,33,81,47,10,30,14,10,0,0,2,1
02/24/2019,98,2019,2,24,44,54,24,7,42,17,6,0,1,0,1
02/25/2019,112,2019,2,25,31,81,41,9,30,23,8,0,1,0,0
02/26/2019,105,2019,2,26,39,66,30,11,36,16,9,0,0,0,3
02/27/2019,114,2019,2,27,51,63,33,11,45,9,10,0,3,2,1
02/28/2019,103,2019,2,28,35,68,39,8,34,12,9,0,0,0,1
03/01/2019,109,2019,3,1,34,75,46,10,28,10,9,0,1,3,2
03/02/2019,90,2019,3,2,28,62,36,5,27,11,10,1,0,0,0
03/03/2019,83,2019,3,3,36,47,18,14,34,8,7,0,1,1,0
03/04/2019,107,2019,3,4,42,65,36,8,35,12,9,1,2,4,0
03/05/2019,89,2019,3,5,30,59,26,10,29,13,10,0,0,0,1
03/06/2019,95,2019,3,6,31,64,29,12,26,14,9,1,0,0,4
03/07/2019,93,2019,3,7,35,58,30,5,34,13,10,1,0,0,0
03/08/2019,83,2019,3,8,26,57,41,8,24,5,3,1,0,0,1
03/09/2019,100,2019,3,9,35,65,36,9,32,11,9,0,2,0,1
03/10/2019,100,2019,3,10,33,67,36,6,26,9,16,0,2,3,2
03/11/2019,108,2019,3,11,38,70,34,12,33,12,12,1,1,0,3
03/12/2019,105,2019,3,12,28,77,48,8,26,7,14,0,1,0,1
03/13/2019,92,2019,3,13,39,53,26,7,39,13,7,0,0,0,0
03/14/2019,113,2019,3,14,44,69,42,13,36,3,11,1,2,1,4
03/15/2019,114,2019,3,15,30,84,45,11,28,19,9,0,0,0,2
03/16/2019,139,2019,3,16,60,79,36,14,58,15,14,0,1,0,1
03/17/2019,111,2019,3,17,46,65,28,12,41,10,15,0,2,1,2
03/18/2019,135,2019,3,18,47,88,40,16,44,17,15,0,1,0,2
03/19/2019,124,2019,3,19,41,83,47,9,38,14,13,1,0,2,0
03/20/2019,113,2019,3,20,38,75,47,9,32,8,11,3,1,1,1
03/21/2019,91,2019,3,21,25,66,36,6,21,19,5,0,2,1,1
03/22/2019,110,2019,3,22,34,76,38,9,29,15,14,0,0,1,4
03/23/2019,138,2019,3,23,49,89,49,4,48,23,13,0,0,1,0
03/24/2019,105,2019,3,24,47,58,37,7,46,10,4,0,0,0,1
03/25/2019,128,2019,3,25,50,78,42,13,45,13,10,1,1,2,1
03/26/2019,129,2019,3,26,51,78,45,8,44,9,16,1,2,0,4
03/27/2019,119,2019,3,27,48,71,45,5,44,10,11,0,1,1,2
03/28/2019,150,2019,3,28,67,83,47,10,55,17,9,2,2,1,7
03/29/2019,117,2019,3,29,41,76,40,15,39,12,9,0,0,0,2
03/30/2019,138,2019,3,30,41,97,52,11,38,16,18,0,1,1,1
03/31/2019,115,2019,3,31,37,78,37,12,35,10,19,0,0,0,2
04/01/2019,133,2019,4,1,44,89,48,15,42,18,8,0,0,1,1
04/02/2019,90,2019,4,2,31,59,31,9,27,8,11,0,1,1,2
04/03/2019,102,2019,4,3,34,68,34,7,30,18,9,0,0,0,4
04/04/2019,151,2019,4,4,57,94,55,9,53,14,16,1,0,0,3
04/05/2019,123,2019,4,5,42,81,50,9,40,11,11,0,0,2,0
04/06/2019,118,2019,4,6,36,82,49,8,30,15,10,0,0,2,4
04/07/2019,105,2019,4,7,28,77,41,16,28,9,11,0,0,0,0
04/08/2019,127,2019,4,8,43,84,51,10,39,13,10,0,0,2,2
04/09/2019,106,2019,4,9,34,72,35,5,31,19,13,0,1,0,2
04/10/2019,144,2019,4,10,62,82,40,11,55,24,7,0,3,1,3
04/11/2019,134,2019,4,11,56,78,47,8,45,18,5,0,1,4,6
04/12/2019,129,2019,4,12,35,94,46,16,33,18,14,0,0,1,1
04/13/2019,118,2019,4,13,55,63,33,8,48,14,8,0,0,0,7
04/14/2019,95,2019,4,14,41,54,33,6,38,5,10,0,1,1,1
04/15/2019,103,2019,4,15,32,71,39,14,30,7,11,0,1,0,1
04/16/2019,113,2019,4,16,41,72,39,14,35,12,7,0,1,3,2
04/17/2019,123,2019,4,17,33,90,55,10,31,11,14,0,1,1,0
04/18/2019,128,2019,4,18,37,91,59,11,35,11,10,0,0,0,2
04/19/2019,122,2019,4,19,36,86,44,15,33,15,12,0,1,0,2
04/20/2019,101,2019,4,20,35,66,35,10,33,9,12,0,0,0,2
04/21/2019,114,2019,4,21,43,71,30,15,41,12,14,0,0,2,0
04/22/2019,124,2019,4,22,40,84,43,13,37,17,11,0,1,2,0
04/23/2019,156,2019,4,23,58,98,49,13,57,22,14,0,1,0,0
04/24/2019,109,2019,4,24,44,65,34,10,38,13,8,0,2,0,4
04/25/2019,130,2019,4,25,54,76,40,5,51,17,14,1,1,1,0
04/26/2019,133,2019,4,26,48,85,49,5,41,20,11,2,2,1,2
04/27/2019,126,2019,4,27,51,75,37,15,47,15,8,0,1,0,3
04/28/2019,122,2019,4,28,52,70,40,10,37,11,9,2,1,1,11
04/29/2019,126,2019,4,29,42,84,55,6,41,11,12,0,1,0,0
04/30/2019,137,2019,4,30,43,94,55,12,35,12,15,0,1,2,5
05/01/2019,141,2019,5,1,47,94,56,20,39,6,12,0,2,4,2
05/02/2019,110,2019,5,2,37,73,39,6,35,13,15,0,0,2,0
05/03/2019,132,2019,5,3,62,70,41,8,49,13,8,0,3,1,9
05/04/2019,123,2019,5,4,53,70,42,9,46,6,13,0,3,2,2
05/05/2019,123,2019,5,5,44,79,46,12,41,10,11,1,1,1,0
05/06/2019,137,2019,5,6,38,99,50,3,33,26,20,1,0,1,3
05/07/2019,112,2019,5,7,40,72,37,6,37,16,13,0,1,0,2
05/08/2019,125,2019,5,8,39,86,40,11,37,19,16,0,0,0,2
05/09/2019,121,2019,5,9,44,77,46,6,42,15,10,0,1,0,1
05/10/2019,139,2019,5,10,58,81,42,8,49,13,18,0,3,2,4
05/11/2019,115,2019,5,11,40,75,40,7,39,19,9,0,0,1,0
05/12/2019,89,2019,5,12,32,57,34,4,30,10,9,0,0,1,1
05/13/2019,124,2019,5,13,40,84,46,8,38,13,17,1,0,1,0
05/14/2019,125,2019,5,14,34,91,43,12,29,18,18,1,3,0,1
05/15/2019,157,2019,5,15,45,112,57,9,40,24,22,2,0,1,2
05/16/2019,126,2019,5,16,39,87,47,15,36,14,11,0,1,0,2
05/17/2019,153,2019,5,17,60,93,51,8,56,22,12,0,1,1,2
05/18/2019,152,2019,5,18,69,83,45,9,65,13,16,0,1,0,3
05/19/2019,148,2019,5,19,63,85,42,13,61,16,14,0,1,0,1
05/20/2019,141,2019,5,20,45,96,49,12,42,18,17,0,1,0,2
05/21/2019,155,2019,5,21,48,107,55,9,47,15,28,0,0,1,0
05/22/2019,162,2019,5,22,53,109,56,13,46,15,25,0,1,0,6
05/23/2019,131,2019,5,23,34,97,53,16,29,13,15,1,1,2,1
05/24/2019,152,2019,5,24,37,115,65,15,36,22,13,0,0,0,1
05/25/2019,147,2019,5,25,70,77,41,2,61,15,19,1,3,1,4
05/26/2019,101,2019,5,26,47,54,33,7,44,8,6,2,0,0,1
05/27/2019,131,2019,5,27,46,85,52,4,40,12,17,1,1,0,4
05/28/2019,151,2019,5,28,47,104,52,17,38,16,19,0,1,2,6
05/29/2019,137,2019,5,29,38,99,49,14,35,19,17,0,2,1,0
05/30/2019,122,2019,5,30,37,85,48,6,36,18,13,0,1,0,0
05/31/2019,137,2019,5,31,54,83,57,7,50,7,12,0,1,2,1
06/01/2019,177,2019,6,1,61,116,58,15,51,31,12,1,1,3,5
06/02/2019,135,2019,6,2,56,79,46,7,48,17,9,0,1,3,4
06/03/2019,143,2019,6,3,46,97,47,10,44,17,23,0,1,1,0
06/04/2019,134,2019,6,4,70,64,30,8,62,13,13,0,0,1,7
06/05/2019,130,2019,6,5,46,84,44,10,44,14,16,0,0,0,2
06/06/2019,129,2019,6,6,48,81,43,13,45,14,11,1,0,0,2
06/07/2019,131,2019,6,7,55,76,40,11,54,13,12,0,1,0,0
06/08/2019,123,2019,6,8,44,79,38,12,41,15,14,0,1,1,1
06/09/2019,103,2019,6,9,33,70,35,6,29,15,14,0,2,0,2
06/10/2019,141,2019,6,10,48,93,45,12,41,24,12,1,2,2,2
06/11/2019,129,2019,6,11,44,85,54,8,39,13,10,0,1,1,3
06/12/2019,148,2019,6,12,56,92,44,9,49,23,16,0,3,1,3
06/13/2019,130,2019,6,13,42,88,50,10,39,19,9,0,3,0,0
06/14/2019,140,2019,6,14,39,101,52,11,34,24,14,0,0,1,4
06/15/2019,118,2019,6,15,35,83,47,9,31,13,14,1,0,1,2
06/16/2019,134,2019,6,16,52,82,47,13,48,8,14,0,1,0,3
06/17/2019,164,2019,6,17,74,90,50,17,62,13,10,0,1,3,8
06/18/2019,144,2019,6,18,51,93,57,9,48,14,13,0,0,0,3
06/19/2019,140,2019,6,19,58,82,48,7,55,19,8,0,1,1,1
06/20/2019,149,2019,6,20,42,107,62,9,41,15,21,0,1,0,0
06/21/2019,123,2019,6,21,36,87,50,12,35,16,9,0,0,0,1
06/22/2019,166,2019,6,22,72,94,45,13,57,16,20,1,3,2,9
06/23/2019,126,2019,6,23,54,72,36,11,51,12,13,0,0,1,2
06/24/2019,159,2019,6,24,64,95,49,12,56,19,15,1,4,0,3
06/25/2019,154,2019,6,25,55,99,61,12,53,15,11,0,1,0,1
06/26/2019,162,2019,6,26,61,101,55,5,57,22,19,0,1,0,3
06/27/2019,127,2019,6,27,44,83,56,7,38,11,9,0,2,1,3
06/28/2019,127,2019,6,28,41,86,40,12,37,14,20,0,1,0,3
06/29/2019,131,2019,6,29,47,84,46,11,40,13,14,2,0,3,2
06/30/2019,139,2019,6,30,45,94,46,13,42,15,20,0,1,0,2
07/01/2019,149,2019,7,1,50,99,48,20,44,15,16,0,0,1,5
07/02/2019,145,2019,7,2,54,91,43,8,47,23,17,0,3,2,2
07/03/2019,114,2019,7,3,31,83,45,9,27,14,15,0,2,1,1
07/04/2019,123,2019,7,4,61,62,35,8,56,7,12,0,1,0,4
07/05/2019,154,2019,7,5,54,100,50,12,50,18,20,0,1,0,3
07/06/2019,131,2019,7,6,45,86,41,14,43,16,15,0,0,0,2
07/07/2019,131,2019,7,7,53,78,40,13,52,12,13,0,0,1,0
07/08/2019,162,2019,7,8,46,116,60,14,38,18,24,0,1,1,6
07/09/2019,135,2019,7,9,55,80,44,8,50,17,11,0,1,1,3
07/10/2019,160,2019,7,10,39,121,62,17,33,18,24,0,2,1,3
07/11/2019,123,2019,7,11,39,84,49,6,29,13,16,1,4,0,5
07/12/2019,152,2019,7,12,48,104,60,10,48,19,15,0,0,0,0
07/13/2019,126,2019,7,13,35,91,61,8,29,8,14,1,1,3,1
07/14/2019,145,2019,7,14,63,82,42,7,57,13,20,0,1,2,3
07/15/2019,176,2019,7,15,56,120,66,16,46,26,12,1,2,2,5
07/16/2019,131,2019,7,16,39,92,53,17,37,12,10,0,0,0,2
07/17/2019,126,2019,7,17,35,91,44,15,33,12,20,0,0,2,0
07/18/2019,148,2019,7,18,54,94,60,9,48,12,13,0,3,2,1
07/19/2019,160,2019,7,19,41,119,68,17,36,11,23,0,2,2,1
07/20/2019,153,2019,7,20,70,83,38,9,60,16,20,0,1,1,8
07/21/2019,148,2019,7,21,52,96,48,17,43,16,15,0,1,3,5
07/22/2019,166,2019,7,22,46,120,55,17,38,18,30,1,2,0,5
07/23/2019,139,2019,7,23,35,104,56,12,33,18,18,0,1,1,0
07/24/2019,153,2019,7,24,48,105,49,13,42,21,22,0,2,0,4
07/25/2019,147,2019,7,25,45,102,61,8,41,19,14,1,0,0,3
07/26/2019,148,2019,7,26,46,102,44,18,42,17,23,0,1,2,1
07/27/2019,165,2019,7,27,54,111,53,11,45,20,27,0,3,1,5
07/28/2019,165,2019,7,28,49,116,61,18,46,18,19,1,2,0,0
07/29/2019,127,2019,7,29,37,90,48,16,28,11,15,2,0,2,5
07/30/2019,144,2019,7,30,39,105,56,13,35,19,17,0,0,0,4
07/31/2019,125,2019,7,31,35,90,52,12,35,11,15,0,0,0,0
08/01/2019,122,2019,8,1,24,98,48,20,22,18,12,0,1,0,1
08/02/2019,114,2019,8,2,38,76,38,8,34,13,17,0,0,1,3
08/03/2019,167,2019,8,3,63,104,41,14,55,17,32,0,2,2,4
08/04/2019,111,2019,8,4,41,70,41,11,41,9,9,0,0,0,0
08/05/2019,144,2019,8,5,45,99,54,9,43,15,21,0,1,0,1
08/06/2019,144,2019,8,6,32,112,48,15,28,18,31,0,2,1,1
08/07/2019,180,2019,8,7,50,130,70,10,43,16,34,1,3,0,3
08/08/2019,155,2019,8,8,52,103,56,10,46,19,18,0,0,1,5
08/09/2019,161,2019,8,9,53,108,49,8,48,23,28,0,1,0,4
08/10/2019,160,2019,8,10,51,109,67,7,46,14,21,1,0,1,3
08/11/2019,166,2019,8,11,56,110,70,7,50,12,21,0,2,0,4
08/12/2019,166,2019,8,12,61,105,49,12,53,20,24,2,3,0,3
08/13/2019,134,2019,8,13,39,95,51,14,35,15,15,0,0,1,3
08/14/2019,125,2019,8,14,37,88,49,12,33,16,11,0,1,1,2
08/15/2019,125,2019,8,15,42,83,48,4,34,16,15,0,1,1,6
08/16/2019,127,2019,8,16,31,96,45,15,28,18,18,0,1,0,2
08/17/2019,144,2019,8,17,51,93,51,11,47,11,20,0,1,1,2
08/18/2019,121,2019,8,18,38,83,45,14,35,10,14,0,1,1,1
08/19/2019,168,2019,8,19,44,124,68,17,37,19,20,1,0,0,6
08/20/2019,161,2019,8,20,39,122,71,13,32,14,24,1,1,1,4
08/21/2019,144,2019,8,21,44,100,51,10,42,22,17,0,2,0,0
08/22/2019,128,2019,8,22,35,93,47,10,33,16,20,0,0,0,2
08/23/2019,126,2019,8,23,38,88,45,9,37,17,17,0,0,0,1
08/24/2019,130,2019,8,24,51,79,53,2,48,10,14,0,1,0,2
08/25/2019,163,2019,8,25,61,102,53,17,58,14,18,0,1,0,2
08/26/2019,111,2019,8,26,33,78,44,9,29,13,12,0,1,0,3
08/27/2019,140,2019,8,27,52,88,48,10,47,14,16,0,1,1,3
08/28/2019,144,2019,8,28,59,85,51,5,54,18,11,0,0,0,5
08/29/2019,150,2019,8,29,55,95,50,12,44,20,13,1,2,1,7
08/30/2019,164,2019,8,30,55,109,53,12,47,22,22,1,1,2,4
08/31/2019,141,2019,8,31,57,84,41,10,48,20,13,0,0,2,7
09/01/2019,153,2019,9,1,60,93,49,8,56,21,15,0,0,1,3
09/02/2019,147,2019,9,2,65,82,44,9,55,15,14,0,2,1,7
09/03/2019,139,2019,9,3,55,84,44,5,45,23,12,0,2,1,7
09/04/2019,137,2019,9,4,49,88,41,13,44,19,15,0,4,1,0
09/05/2019,140,2019,9,5,42,98,57,7,38,18,16,0,2,2,0
09/06/2019,118,2019,9,6,46,72,45,6,42,12,9,0,1,0,3
09/07/2019,125,2019,9,7,37,88,49,9,34,15,15,0,1,1,1
09/08/2019,152,2019,9,8,50,102,56,11,44,15,20,0,1,0,5
09/09/2019,123,2019,9,9,44,79,46,3,39,12,18,0,1,1,3
09/10/2019,139,2019,9,10,39,100,40,12,36,26,22,2,0,0,1
09/11/2019,136,2019,9,11,47,89,46,10,43,15,18,0,1,1,2
09/12/2019,149,2019,9,12,46,103,49,11,44,21,22,0,0,1,1
09/13/2019,184,2019,9,13,60,124,69,14,57,23,18,1,1,0,1
09/14/2019,157,2019,9,14,51,106,60,17,49,14,15,0,1,1,0
09/15/2019,143,2019,9,15,43,100,60,9,42,10,21,0,1,0,0
09/16/2019,131,2019,9,16,39,92,45,11,39,15,21,0,0,0,0
09/17/2019,116,2019,9,17,31,85,45,12,27,14,14,0,0,0,4
09/18/2019,127,2019,9,18,38,89,48,9,34,14,18,1,1,1,1
09/19/2019,131,2019,9,19,39,92,42,13,35,17,20,1,2,0,1
09/20/2019,142,2019,9,20,38,104,57,13,37,25,9,0,0,0,1
09/21/2019,153,2019,9,21,60,93,52,12,57,7,22,0,0,1,2
09/22/2019,118,2019,9,22,50,68,34,7,44,14,13,0,1,0,5
09/23/2019,132,2019,9,23,35,97,51,13,31,20,13,1,0,3,0
09/24/2019,142,2019,9,24,54,88,40,10,48,16,22,0,2,1,3
09/25/2019,139,2019,9,25,45,94,43,10,41,24,17,1,1,1,1
09/26/2019,123,2019,9,26,31,92,53,12,28,14,13,0,1,1,1
09/27/2019,133,2019,9,27,52,81,38,6,46,20,17,0,1,0,5
09/28/2019,136,2019,9,28,54,82,42,9,48,17,14,0,2,1,3
09/29/2019,138,2019,9,29,50,88,53,8,49,13,14,0,0,1,0
09/30/2019,147,2019,9,30,47,100,51,14,45,25,10,0,1,0,1
10/01/2019,145,2019,10,1,43,102,56,7,41,21,18,0,0,2,0
10/02/2019,133,2019,10,2,45,88,45,12,39,13,18,2,1,1,2
10/03/2019,118,2019,10,3,28,90,45,11,26,13,21,0,0,1,1
10/04/2019,154,2019,10,4,60,94,46,15,56,21,12,0,1,1,2
10/05/2019,108,2019,10,5,44,64,28,11,41,12,13,0,0,0,3
10/06/2019,130,2019,10,6,56,74,31,17,54,12,14,0,0,0,2
10/07/2019,137,2019,10,7,50,87,53,5,44,15,14,0,2,1,3
10/08/2019,121,2019,10,8,44,77,39,9,38,13,16,0,2,1,3
10/09/2019,117,2019,10,9,42,75,42,5,35,17,11,0,2,1,4
10/10/2019,117,2019,10,10,35,82,43,4,30,14,21,0,3,0,2
10/11/2019,110,2019,10,11,31,79,45,13,31,9,12,0,0,0,0
10/12/2019,139,2019,10,12,55,84,48,9,39,15,12,0,4,0,12
10/13/2019,144,2019,10,13,62,82,43,11,58,6,22,1,1,2,0
10/14/2019,120,2019,10,14,31,89,49,7,27,16,17,0,1,1,2
10/15/2019,115,2019,10,15,34,81,43,10,31,19,9,0,0,0,3
10/16/2019,98,2019,10,16,32,66,34,7,28,12,13,0,0,2,2
10/17/2019,121,2019,10,17,30,91,57,7,27,13,14,0,2,0,1
10/18/2019,121,2019,10,18,38,83,52,10,31,14,7,1,0,2,4
10/19/2019,130,2019,10,19,50,80,39,10,45,14,17,0,2,0,3
10/20/2019,121,2019,10,20,40,81,34,8,37,15,24,1,0,1,1
10/21/2019,122,2019,10,21,36,86,45,7,35,13,21,0,0,0,1
10/22/2019,104,2019,10,22,30,74,43,12,28,12,7,0,0,1,1
10/23/2019,116,2019,10,23,39,77,42,8,36,17,10,0,1,0,2
10/24/2019,120,2019,10,24,32,88,49,9,29,20,10,0,1,1,1
10/25/2019,113,2019,10,25,29,84,48,8,27,19,9,0,0,0,2
10/26/2019,130,2019,10,26,34,96,52,12,34,12,20,0,0,0,0
10/27/2019,111,2019,10,27,30,81,47,10,29,7,17,0,1,0,0
10/28/2019,159,2019,10,28,50,109,46,19,44,24,20,0,2,0,4
10/29/2019,129,2019,10,29,47,82,45,9,41,15,13,0,2,2,2
10/30/2019,106,2019,10,30,39,67,35,6,35,13,13,1,0,2,1
10/31/2019,141,2019,10,31,47,94,48,8,41,19,19,0,1,0,5
11/01/2019,141,2019,11,1,52,89,56,10,47,13,10,1,0,2,2
11/02/2019,109,2019,11,2,42,67,33,13,37,11,10,1,1,1,2
11/03/2019,113,2019,11,3,37,76,36,9,36,8,23,1,0,0,0
11/04/2019,129,2019,11,4,48,81,36,12,43,15,18,0,2,0,3
11/05/2019,115,2019,11,5,38,77,30,10,31,21,16,0,3,0,4
11/06/2019,119,2019,11,6,34,85,46,7,30,14,18,0,2,0,2
11/07/2019,129,2019,11,7,40,89,44,18,35,11,16,0,2,1,2
11/08/2019,122,2019,11,8,35,87,58,8,35,9,12,0,0,0,0
11/09/2019,108,2019,11,9,35,73,39,6,33,9,19,0,1,0,1
11/10/2019,122,2019,11,10,38,84,47,8,38,17,12,0,0,0,0
11/11/2019,125,2019,11,11,51,74,38,14,45,15,7,0,0,1,5
11/12/2019,146,2019,11,12,28,118,66,13,27,23,16,0,0,0,1
11/13/2019,123,2019,11,13,37,86,45,6,34,20,15,0,2,0,1
11/14/2019,134,2019,11,14,44,90,38,11,36,23,18,1,3,0,4
11/15/2019,105,2019,11,15,24,81,43,9,21,10,19,0,1,1,1
11/16/2019,115,2019,11,16,41,74,30,9,37,22,13,0,0,0,4
11/17/2019,130,2019,11,17,43,87,54,9,39,12,12,0,2,0,2
11/18/2019,102,2019,11,18,35,67,35,7,33,17,8,0,2,0,0
11/19/2019,120,2019,11,19,40,80,40,11,39,12,17,0,0,1,0
11/20/2019,115,2019,11,20,29,86,51,9,26,13,13,0,1,2,0
11/21/2019,99,2019,11,21,28,71,36,6,26,22,7,0,2,0,0
11/22/2019,130,2019,11,22,35,95,62,7,33,18,8,0,0,1,1
11/23/2019,99,2019,11,23,28,71,33,15,25,8,15,2,0,1,0
11/24/2019,90,2019,11,24,36,54,23,4,33,13,14,0,1,0,2
11/25/2019,104,2019,11,25,35,69,38,11,34,12,8,0,1,0,0
11/26/2019,112,2019,11,26,31,81,47,9,29,13,12,0,0,1,1
11/27/2019,136,2019,11,27,40,96,54,10,38,18,14,1,0,1,0
11/28/2019,86,2019,11,28,32,54,26,5,29,11,12,0,1,1,1
11/29/2019,98,2019,11,29,29,69,35,11,26,12,11,0,0,2,1
11/30/2019,96,2019,11,30,28,68,32,5,24,19,12,0,1,2,1
12/01/2019,88,2019,12,1,33,55,33,10,28,6,6,3,0,0,2
12/02/2019,119,2019,12,2,35,84,48,11,31,16,9,1,0,1,2
12/03/2019,117,2019,12,3,25,92,52,19,20,8,13,0,3,1,1
12/04/2019,104,2019,12,4,27,77,43,10,26,14,10,0,0,0,1
12/05/2019,95,2019,12,5,30,65,40,8,28,14,3,0,0,2,0
12/06/2019,142,2019,12,6,42,100,55,5,35,20,20,4,1,0,2
12/07/2019,115,2019,12,7,35,80,51,12,28,8,9,2,2,0,3
12/08/2019,100,2019,12,8,37,63,31,13,32,8,11,1,2,0,2
12/09/2019,106,2019,12,9,25,81,44,14,22,13,10,3,0,0,0
12/10/2019,123,2019,12,10,35,88,47,11,31,16,14,0,1,1,2
12/11/2019,115,2019,12,11,46,69,33,15,40,12,9,1,0,0,5
12/12/2019,103,2019,12,12,45,58,31,13,42,8,6,2,0,0,1
12/13/2019,118,2019,12,13,34,84,48,11,30,14,11,0,3,0,1
12/14/2019,95,2019,12,14,31,64,31,9,29,14,10,0,1,0,1
12/15/2019,133,2019,12,15,41,92,51,9,38,14,18,0,0,1,2
12/16/2019,95,2019,12,16,26,69,35,14,24,9,11,0,0,1,1
12/17/2019,133,2019,12,17,46,87,42,11,38,20,14,0,3,0,5
12/18/2019,103,2019,12,18,33,70,42,11,30,14,3,0,2,0,1
12/19/2019,98,2019,12,19,34,64,38,8,32,8,10,0,1,1,0
12/20/2019,110,2019,12,20,43,67,39,7,38,7,14,0,0,0,5
12/21/2019,107,2019,12,21,33,74,43,6,28,12,13,1,2,0,2
12/22/2019,104,2019,12,22,42,62,36,8,31,7,11,1,2,0,8
12/23/2019,93,2019,12,23,26,67,35,10,26,8,14,0,0,0,0
12/24/2019,110,2019,12,24,30,80,44,9,29,13,14,0,0,0,1
12/25/2019,103,2019,12,25,42,61,25,11,38,15,10,1,0,1,2
12/26/2019,81,2019,12,26,30,51,35,4,24,6,6,0,4,0,2
12/27/2019,113,2019,12,27,38,75,47,7,36,13,8,0,0,0,2
12/28/2019,98,2019,12,28,35,63,29,17,33,11,6,0,1,0,1
12/29/2019,94,2019,12,29,29,65,41,8,28,5,11,0,0,1,0
12/30/2019,100,2019,12,30,40,60,31,7,33,10,12,0,4,0,3
12/31/2019,98,2019,12,31,37,61,38,7,32,6,10,0,1,1,3
